"id_caja","nombre_caja","cantidad","seccion_id","estanteria_id","barcode","finicio","ftermino","estado"
"box_1771261024087","PILAS TIPO C EVERREADY 1.5V","101","shelf_1770146684513_sec_1","shelf_1770146684513","7501037600926","2023-01-23 00:00:00","2027-01-14 00:00:00","OK"
"box_1771261085718","ACCESORIOS MONITORES CARDIOFETALES   SENSORES MONITORES DE APNEA","1","shelf_1770146684513_sec_1","shelf_1770146684513","2430201025900","2024-12-31 00:00:00","2027-01-20 00:00:00","STOCK_BAJO"
"box_1771261129038","BATERIAS ELECTRO G MAC 600","1","shelf_1770146684513_sec_1","shelf_1770146684513","2410300017402","2025-01-01 00:00:00","2027-01-01 00:00:00","STOCK_BAJO"
"box_1771881672958","BATERIAS ELECTRO GE MAC 600","1","shelf_1770146684513_sec_1","shelf_1770146684513","2410300016402","","","STOCK_BAJO"
"box_1774536660830","Sensores monitores de apnea ","5","shelf_1770146684513_sec_1","shelf_1770146684513","","","","STOCK_BAJO"
"box_1787228415635","BATERIA CARDIO FETAL F6","2","shelf_1770146684513_sec_1","shelf_1770146684513","","","","STOCK_BAJO"
"box_1787228482519","TRANSDUCTOR ULTRASONICO MONITOR CARDIO FETAL","1","shelf_1770146684513_sec_1","shelf_1770146684513","0201109301019","","","STOCK_BAJO"
"box_1787228524518","TRANSDUCTOR TOCO MONITOR CARDIO FETAL ","2","shelf_1770146684513_sec_1","shelf_1770146684513","0201315270190","","","STOCK_BAJO"
"box_1787228673099","CELDAS DE OXIGENO INCUBADORA UTI","4","shelf_1770146684513_sec_1","shelf_1770146684513","1494296260859","","","STOCK_BAJO"
"box_1787257353554","VISAGRAS MALVESTIO","4","shelf_1770146684513_sec_1","shelf_1770146684513","","","","STOCK_BAJO"
"box_1787340637458","SENSOR MONITOR RESPIRATORIO SIS DE APNEA","10","shelf_1770146684513_sec_1","shelf_1770146684513","5691700000000","","","STOCK_BAJO"
"box_1789126728090","BATERIAS 9V","2","shelf_1770146684513_sec_1","shelf_1770146684513","0413330010430","","","STOCK_BAJO"
"box_1771261162854","BATERIAS DESFRIBRILADORES SAMU","2","shelf_1770146684513_sec_2","shelf_1770146684513","0493192110905","","","STOCK_BAJO"
"box_1771261288317","BATERIAS PROGETTI","28","shelf_1770146684513_sec_2","shelf_1770146684513","","","","OK"
"box_1771261302845","BATERIAS EDAN","10","shelf_1770146684513_sec_2","shelf_1770146684513","","","","STOCK_BAJO"
"box_1771270552182","BATERIAS V100 {CAJA 1}","13","shelf_1770146684513_sec_2","shelf_1770146684513","","","","OK"
"box_1771261366861","BATERIA MEDITCH ECG 1212A {CAJA 1}","2","shelf_1770146684513_sec_2","shelf_1770146684513","","","","STOCK_BAJO"
"box_1771436209999","Bateria Ultracell 12v 3Amp","1","shelf_1770146684513_sec_2","shelf_1770146684513","","","","STOCK_BAJO"
"box_1771261419148","BATERIAS DESFRIBRILADOR NIHON KOHDEN TEC-5631","22","shelf_1770146684513_sec_3","shelf_1770146684513","0493192186457","","","OK"
"box_1771261536595","BATERIAS DESFIBRILADORES MINDRAY BENEHEART D3","3","shelf_1770146684513_sec_3","shelf_1770146684513","","","","STOCK_BAJO"
"box_1771261777425","BATERIAS HAMILTON MEDICAL","3","shelf_1770146684513_sec_3","shelf_1770146684513","","","","STOCK_BAJO"
"box_1771436535836","Bateria Nihon Kohden 9.6v","1","shelf_1770146684513_sec_3","shelf_1770146684513","","","","STOCK_BAJO"
"box_1771436732395","BATERIAS DESFIBRILADORES MINDRAY BENEHEART D6","2","shelf_1770146684513_sec_3","shelf_1770146684513","","","","STOCK_BAJO"
"box_1771436742483","BATERIAS DESFIBRILADORES MINDRAY BENEHEART D500","2","shelf_1770146684513_sec_3","shelf_1770146684513","","","","STOCK_BAJO"
"box_1771436798171","Baterias Striker","3","shelf_1770146684513_sec_3","shelf_1770146684513","","","","STOCK_BAJO"
"box_1771261573395","PALAS DESFRIBILADOR NIHON KOHDEN {CAJA 1}","1","shelf_1770146684513_sec_4","shelf_1770146684513","","","","STOCK_BAJO"
"box_1771261626194","PALAS DESFRIBILADOR NIHON KOHDEN {CAJA 2}","1","shelf_1770146684513_sec_4","shelf_1770146684513","","","","STOCK_BAJO"
"box_1771270985059","PALAS DESFRIBRILADOR MINDRAY {SUELTO 1}","1","shelf_1770146684513_sec_4","shelf_1770146684513","","","","STOCK_BAJO"
"box_1771270956020","PALAS DESFRIBRILADOR MINDRAY {SUELTO 2}","1","shelf_1770146684513_sec_4","shelf_1770146684513","","","","STOCK_BAJO"
"box_1771261597938","PARCHES DEA (NUEVOS-DE PRUEBA)","19","shelf_1770146684513_sec_4","shelf_1770146684513","","","","OK"
"box_1776094722295","Parches Dea Nihon Kohden ","1","shelf_1770146684513_sec_4","shelf_1770146684513","0493192190242","2026-04-13 00:00:00","2029-03-31 00:00:00","STOCK_BAJO"
"box_1771270214297","BRAZALETE NEO EDAN-PROGETTI","121","shelf_1771261708842_sec_1","shelf_1771261708842","0900120200408","","","OK"
"box_1771261755337","BRAZALETE PEDIATRICO EDAN-PROGETTI","22","shelf_1771261708842_sec_1","shelf_1771261708842","0900120230104","","","OK"
"box_1771261849880","BRAZALETES NIHON KOHDEN 19","19","shelf_1771261708842_sec_2","shelf_1771261708842","0493192189940","","","OK"
"box_1771261879280","BRAZALETES NIHON KOHDEN PEDIATRICO N°5","27","shelf_1771261708842_sec_2","shelf_1771261708842","0493192189935","","","OK"
"box_1771261892936","BRAZALETES NIHON KOHDEN PEDIATRICO N7","86","shelf_1771261708842_sec_2","shelf_1771261708842","0493192189936","","","OK"
"box_1771261931552","BRAZALETE MONITOR COMEN ADULTO 23.5","6","shelf_1771261708842_sec_2","shelf_1771261708842","3230917507000","","","STOCK_BAJO"
"box_1771447782376","BRAZALETES NIHON KOHDEN PEDIATRICO N10","13","shelf_1771261708842_sec_2","shelf_1771261708842","0493192189937","","","OK"
"box_1771261949752","BRAZALETE NEO NIHON KODEN N2","11","shelf_1771261708842_sec_3","shelf_1771261708842","1084152211109","","","OK"
"box_1771261979655","BRAZALETE ADULTO  N13 NIHON KOHDEN","34","shelf_1771261708842_sec_3","shelf_1771261708842","0493192189938","","","OK"
"box_1771448129245","BRAZALETE NEO NIHON KOHDEN N5","8","shelf_1771261708842_sec_3","shelf_1771261708842","1084152211130","","","STOCK_BAJO"
"box_1771448380227","BRAZALETE NEO NIHON KOHDEN N1","13","shelf_1771261708842_sec_3","shelf_1771261708842","1084152210353","","","OK"
"box_1771448408139","BRAZALETE NEO NIHON KOHDEN N3","10","shelf_1771261708842_sec_3","shelf_1771261708842","1084152211116","","","STOCK_BAJO"
"box_1771448960486","BRAZALETE ADULTO NIHON KOHDEN N16","28","shelf_1771261708842_sec_3","shelf_1771261708842","0493192189939","","","OK"
"box_1771883083502","BRAZALETE NEO NIHON KOHDEN N4","10","shelf_1771261708842_sec_3","shelf_1771261708842","1084152211123","","","STOCK_BAJO"
"box_1771262275453","BRAZALETE ADULTO EDA-PROGETTI TAMAÑOS GRANDES","10","shelf_1771261708842_sec_4","shelf_1771261708842","","","","STOCK_BAJO"
"box_1771262290021","MANGUITOS VARIOS","5","shelf_1771261708842_sec_4","shelf_1771261708842","","","","STOCK_BAJO"
"box_1771543630583","BRAZALETES ADULTO  N25-35 EDAN - PROGETTI","9","shelf_1771261708842_sec_4","shelf_1771261708842","","","","STOCK_BAJO"
"box_1771543712610","BRAZALETES ADULTO N 27-35","42","shelf_1771261708842_sec_4","shelf_1771261708842","0900120231126","","","OK"
"box_1771543761918","BRAZALETE ADULTO  N13.1-23.5 EDAN - PROGETTI","2","shelf_1771261708842_sec_4","shelf_1771261708842","","","","STOCK_BAJO"
"box_1771545044913","BRAZALETE SCHILLER HOLTER DE PRESION DE TEST DE ESFUERZO ADULTO ","12","shelf_1771261708842_sec_4","shelf_1771261708842","","","","OK"
"box_1775522325860","Mangos Pani 34-50","6","shelf_1771261708842_sec_4","shelf_1771261708842","","","","STOCK_BAJO"
"box_1780931361248","BRAZALETE PEDIATRICO N 7 EDAN ","25","shelf_1771261708842_sec_4","shelf_1771261708842","4400220251227","","","OK"
"box_1780933239221","BRAZALETE N9 EDAN ADULTO ","18","shelf_1771261708842_sec_4","shelf_1771261708842","0157471330019","","","OK"
"box_1771882333556","BRAZALETE SET DIAGNOSTICO MURAL ADC UFF 23-40 ADULTO NEGRO","2","shelf_1771261708842_sec_4","shelf_1771261708842","6347820688370","","","STOCK_BAJO"
"box_1771882407150"," BRAZALETE SET DIAGNOSTICO MURAL  ADC ADULTO OBESO LARGO BURDEO 34-50","5","shelf_1771261708842_sec_4","shelf_1771261708842","6347820685300","","","STOCK_BAJO"
"box_1786897551102","BRAZALETE 27.5 A 36.5 ","21","shelf_1771261708842_sec_4","shelf_1771261708842","","","","OK"
"box_1775146502846","Manguera conexion neonatal para brazaletes  progetti","16","shelf_1771262355997_sec_1","shelf_1771262355997","1620000000000","","","OK"
"box_1775149285790","CONECTOR ECG A PRESION 3 DERIBADAS PROGETTI","14","shelf_1771262355997_sec_1","shelf_1771262355997","","","","OK"
"box_1775149467163","SATUROMETROS PROGUETTI SPO2 12 PINES (BIOLIGHTS)","1","shelf_1771262355997_sec_1","shelf_1771262355997","","","","STOCK_BAJO"
"box_1775149845363","CABLE ECG 3 DERIBADAS PROGETTI","11","shelf_1771262355997_sec_1","shelf_1771262355997","","","","OK"
"box_1775150790125","TRONCAL EXTENSION SPO2 PROGUETTI 12 A 9 PINES ","10","shelf_1771262355997_sec_1","shelf_1771262355997","2405005200000","","","STOCK_BAJO"
"box_1775150864650","SATUROMETRO ADULTO PROGETTI 12 A 9 PINES VERDE","14","shelf_1771262355997_sec_1","shelf_1771262355997","0212203020000","","","OK"
"box_1786895743334","SENSOR PEDIATRICO PROGETTI","22","shelf_1771262355997_sec_1","shelf_1771262355997","","","","OK"
"box_1786895764310","SENSOR NEO PROGETTI","26","shelf_1771262355997_sec_1","shelf_1771262355997","","","","OK"
"box_1786895786525","TRONCALES DE SATURACION PROGUETTI","26","shelf_1771262355997_sec_1","shelf_1771262355997","","","","OK"
"box_1786895962471","CABLE DE SATURACION NEO","1","shelf_1771262355997_sec_1","shelf_1771262355997","2130080166190","","","STOCK_BAJO"
"box_1786896517998","SATUROMETROS ADULTO PRGETTI MORADO","5","shelf_1771262355997_sec_1","shelf_1771262355997","2023082505100","","","STOCK_BAJO"
"box_1786896643654","SENSOR DE SATURACION PROGETTI ADULTO","7","shelf_1771262355997_sec_1","shelf_1771262355997","0212203020000","","","STOCK_BAJO"
"box_1771262425580","TRONCAL SATURACION NIHON KOHDEN","63","shelf_1771262355997_sec_2","shelf_1771262355997","","","","OK"
"box_1771868812209","CABLE SATURACION  NIHON KOHDEN 14 PINES","10","shelf_1771262355997_sec_2","shelf_1771262355997","4103600000000","","","STOCK_BAJO"
"box_1775523075473","BRAZALETE 27.5 -36.5 NIHON KOHDEN","12","shelf_1771262355997_sec_2","shelf_1771262355997","","","","OK"
"box_1786897271648","TRONCAL ECG NIHON KOHDEN K922","24","shelf_1771262355997_sec_2","shelf_1771262355997","4931921839744","","","OK"
"box_1786897322556","ECG PINZA 3 DERIVADAS NIHON KOHDEN","5","shelf_1771262355997_sec_2","shelf_1771262355997","4931921839713","","","STOCK_BAJO"
"box_1786897821300","MANGUERA EDAN PROGETTI","7","shelf_1771262355997_sec_2","shelf_1771262355997","2240315051000","","","STOCK_BAJO"
"box_1786897870425","MANGUERA MEDIANA ","3","shelf_1771262355997_sec_2","shelf_1771262355997","2120230925019","","","STOCK_BAJO"
"box_1786897929638","MANGUERA WELCH ALLYN","1","shelf_1771262355997_sec_2","shelf_1771262355997","6928737846613","","","STOCK_BAJO"
"box_1786897952886","MANGUERA NIHON KOHDEN ","2","shelf_1771262355997_sec_2","shelf_1771262355997","2160020012181","","","STOCK_BAJO"
"box_1786898409230","CABLE ECG MINDRAY  5 DERIVADAS","5","shelf_1771262355997_sec_2","shelf_1771262355997","2512000000000","","","STOCK_BAJO"
"box_1786898433250","CABLE ECG MINDRAY 3 DERIVADAS ","2","shelf_1771262355997_sec_2","shelf_1771262355997","2312000000000","","","STOCK_BAJO"
"box_1786898464511","CABLE ECG PROGETTI 3 DERIVADAS","2","shelf_1771262355997_sec_2","shelf_1771262355997","2357000000000","","","STOCK_BAJO"
"box_1786898528246","CABLE ECG 3 DERIBADAS ZOLL RSERIES ","1","shelf_1771262355997_sec_2","shelf_1771262355997","2340000000000","","","STOCK_BAJO"
"box_1786898561398","CABLE ECG 3 DERIBADAS NIHON KOHDEN ","4","shelf_1771262355997_sec_2","shelf_1771262355997","2313000000000","","","STOCK_BAJO"
"box_1786898751934","CABLE DE SATURACION MINDRAY ","3","shelf_1771262355997_sec_2","shelf_1771262355997","4104800000000","","","STOCK_BAJO"
"box_1786898786363","SENSOR DE SATURACION WELCH ALLYN","1","shelf_1771262355997_sec_2","shelf_1771262355997","4100800000000","","","STOCK_BAJO"
"box_1771262826425","SATUROMETRO WARP SPO2 NEONATO EDAN","32","shelf_1771262355997_sec_3","shelf_1771262355997","3000000000000","","","OK"
"box_1771879559897","SATUROMETRO EDAN SOFT-TIP SPO2 PEDIATRICO","27","shelf_1771262355997_sec_3","shelf_1771262355997","5000000000000","","","OK"
"box_1771262466620","ECG EDAN TRONCAL  3 DERIBADA","27","shelf_1771262355997_sec_3","shelf_1771262355997","0900120200416","","","OK"
"box_1771869233980","TRONCAL SPO2 EDAN X12 ADULTO","3","shelf_1771262355997_sec_3","shelf_1771262355997","2131020035250","","","STOCK_BAJO"
"box_1771869336463","CABLE ECG MINDRAY 3 DERIVADAS","15","shelf_1771262355997_sec_3","shelf_1771262355997","2240402047000","","","OK"
"box_1773272605092","SENSON ADULTO SPO2 EDAN","24","shelf_1771262355997_sec_3","shelf_1771262355997","0201210120035","","","OK"
"box_1780932733972","TRONCAL SATURACION SPO2 2M 7PINES EDAN ","22","shelf_1771262355997_sec_3","shelf_1771262355997","","","","OK"
"box_1786036680098","Sensor de temperatura Neo","1","shelf_1771262355997_sec_3","shelf_1771262355997","0900120240908","","","STOCK_BAJO"
"box_1786036863055","Ecg 3 derivadas Neo Edan","1","shelf_1771262355997_sec_3","shelf_1771262355997","7805306006494","","","STOCK_BAJO"
"box_1786036911451","Brazalete Edan Pediatrico E5","1","shelf_1771262355997_sec_3","shelf_1771262355997","7804713500569","","","STOCK_BAJO"
"box_1786036964533","Manguera Edan Para Brazalete","1","shelf_1771262355997_sec_3","shelf_1771262355997","1007008202060","","","STOCK_BAJO"
"box_1786899951870","SENSOR ECG 3 DERIVADAS PINZA","17","shelf_1771262355997_sec_3","shelf_1771262355997","0900120240108","","","OK"
"box_1786902652930","TRONCAL DE SATURACION MINDRAY","4","shelf_1771262355997_sec_3","shelf_1771262355997","7084800000000","","","STOCK_BAJO"
"box_1786902728929","CABLE ECG EDAN 3 DERIVADAS","1","shelf_1771262355997_sec_3","shelf_1771262355997","","","","STOCK_BAJO"
"box_1786902755537","CABLE ECG EDAN 5 DERIVADAS","1","shelf_1771262355997_sec_3","shelf_1771262355997","","","","STOCK_BAJO"
"box_1771262956480","ECG VARIOS","1","shelf_1771262355997_sec_4","shelf_1771262355997","","","","STOCK_BAJO"
"box_1771272845166","PINZAS GRANDES  ElectroCardiogramas","12","shelf_1771262355997_sec_4","shelf_1771262355997","","","","OK"
"box_1775156663655","PINZAS MEDIANAS ECG ","8","shelf_1771262355997_sec_4","shelf_1771262355997","","","","STOCK_BAJO"
"box_1775156757480","CHUPONES PEQUEÑOS ECG","18","shelf_1771262355997_sec_4","shelf_1771262355997","","","","OK"
"box_1775156803152","CHUPONES GRANDES ECG","48","shelf_1771262355997_sec_4","shelf_1771262355997","","","","OK"
"box_1771263016536","MANGUERAS NIHON KOHDEN ADULTO","10","shelf_1771262992256_sec_1","shelf_1771262992256","","","","STOCK_BAJO"
"box_1771263028015","MANGUERAS VARIAS ADULTO/PEDIATRICO GRIS 3.0M","27","shelf_1771262992256_sec_1","shelf_1771262992256","3061150000000","","","OK"
"box_1771263043919","CABLES ELECTROCARDIOGRAMAS","1","shelf_1771262992256_sec_1","shelf_1771262992256","","","","STOCK_BAJO"
"box_1775147040916","MANGUERAS GRIZ OSCURO EDAN PROGUETTI","21","shelf_1771262992256_sec_1","shelf_1771262992256","3061150000000","","","OK"
"box_1775149735667","MANGUERAS  USADAS VARIAS EDAN - PROGETTI","17","shelf_1771262992256_sec_1","shelf_1771262992256","","","","OK"
"box_1775523421506","MANGUERAS PRESION DOBLE WELCH ALLYN","5","shelf_1771262992256_sec_1","shelf_1771262992256","","","","STOCK_BAJO"
"box_1786903701730","MANGUERAS PHILLIPS","8","shelf_1771262992256_sec_1","shelf_1771262992256","0910000000000","","","STOCK_BAJO"
"box_1771264905201","SENSOR DCI MASIMO ADULTO  CONECTOR PALETA","19","shelf_1771262992256_sec_2","shelf_1771262992256","0084399700984","","","OK"
"box_1771264948985","CABLE PACIENTE MD20-12","12","shelf_1771262992256_sec_2","shelf_1771262992256","0084399701031","","","OK"
"box_1771264974432","SENSOR P225G NEONATAL NIHON KOHDEN","24","shelf_1771262992256_sec_2","shelf_1771262992256","0493192187118","","","OK"
"box_1771265306758","SENSOR P225F ADULTO NIHON KOHDEN","16","shelf_1771262992256_sec_2","shelf_1771262992256","0493192185271","","","OK"
"box_1771272385752","SATURACION NEO Oximetro de Pulso YI SPO2 MASIMO","24","shelf_1771262992256_sec_2","shelf_1771262992256","0084399701307","","","OK"
"box_1771272461576","Sensor Mindray SPO2 512F","1","shelf_1771262992256_sec_2","shelf_1771262992256","5123028263000","","","STOCK_BAJO"
"box_1771867442161","SENSOR DCI-P 10-50KG MASIMO PEDIATRICO CONECTOR PALETA","14","shelf_1771262992256_sec_2","shelf_1771262992256","0084399700985","","","OK"
"box_1773264195085","SENSOR NIHON KOHDEN SCL009 SpO2 Rev B.4","56","shelf_1771262992256_sec_2","shelf_1771262992256","1240200620240","","","OK"
"box_1788459406885","Oximetro Saturometro Adhesivo Neo (masimo) Andover de 3 a 40 Kg","21","shelf_1771262992256_sec_2","shelf_1771262992256","4003000000000","","","OK"
"box_1771272737318","Cables Presion Invasiva EDAN","3","shelf_1771262992256_sec_3","shelf_1771262992256","","","","STOCK_BAJO"
"box_1771272757933","Accesorios Monitores UMEC-12","1","shelf_1771262992256_sec_3","shelf_1771262992256","","","","STOCK_BAJO"
"box_1771272790037","Accesorios Monitores COMEN C-30","1","shelf_1771262992256_sec_3","shelf_1771262992256","","","","STOCK_BAJO"
"box_1773272497621","Finger Sensor Welch Alyn","2","shelf_1771262992256_sec_3","shelf_1771262992256","2130010147220","","","STOCK_BAJO"
"box_1775144888999","Umec 30 Spo2 Adulto","7","shelf_1771262992256_sec_3","shelf_1771262992256","","","","STOCK_BAJO"
"box_1775144912365","Cables SG 3 puntas ","6","shelf_1771262992256_sec_3","shelf_1771262992256","","","","STOCK_BAJO"
"box_1771262877177","SATUROMETROS PEDIATRICOS DRAGER","27","shelf_1771262992256_sec_3","shelf_1771262992256","2789900000000","","","OK"
"box_1775150212885","CABLES INVASIBA CONECTORES SIN USO ","2","shelf_1771262992256_sec_3","shelf_1771262992256","","","","STOCK_BAJO"
"box_1773272167879","Accesorios monitores WEICH ALLYN","13","shelf_1771262992256_sec_4","shelf_1771262992256","","","","OK"
"box_1773272789124","Roller Sprocket chain 1025mm","1","shelf_1771272914756_sec_1","shelf_1771272914756","4598015680210","","","STOCK_BAJO"
"box_1773272820437","Chain Tensioner Assembly packed","1","shelf_1771272914756_sec_1","shelf_1771272914756","2207120025000","","","STOCK_BAJO"
"box_1773272860662","Roller Sprocket chain 774mm packed","1","shelf_1771272914756_sec_1","shelf_1771272914756","2203210042000","","","STOCK_BAJO"
"box_1773272938934","BA18 Bateria Bakup N700","2","shelf_1771272914756_sec_1","shelf_1771272914756","3496648000000","","","STOCK_BAJO"
"box_1773273050084","Filtro reemplazo Bair Hugge","2","shelf_1771272914756_sec_1","shelf_1771272914756","4600010999586","","","STOCK_BAJO"
"box_1774389861793","Celda de Oxigeno Phillips","1","shelf_1771272914756_sec_1","shelf_1771272914756","9898031620510","","","STOCK_BAJO"
"box_1775148395497","MANGUERAS NIBP CONECTOR ROJO MONITOR TRNASPORTE PEDIATRICO MX450","4","shelf_1771272914756_sec_1","shelf_1771272914756","","","","STOCK_BAJO"
"box_1775148417795","CABLE ECG 5 DERIBADAS  (AZULES)","2","shelf_1771272914756_sec_1","shelf_1771272914756","1791968350000","","","STOCK_BAJO"
"box_1775148438467","SENSOR NEONATAL (MASIMO) ","2","shelf_1771272914756_sec_1","shelf_1771272914756","","","","STOCK_BAJO"
"box_1775148455103","BRAZALETE PEDIATRICO PHILLIPS","1","shelf_1771272914756_sec_1","shelf_1771272914756","","","","STOCK_BAJO"
"box_1775148477500","TRONCAL SATURACION PEDIATRICO (MASIMO)","2","shelf_1771272914756_sec_1","shelf_1771272914756","","","","STOCK_BAJO"
"box_1775148493475","TRONCAL 5 DERIBADAS PHILLPS","2","shelf_1771272914756_sec_1","shelf_1771272914756","","","","STOCK_BAJO"
"box_1775148505915","BRAZALETE ADULTO PHILLIPS","4","shelf_1771272914756_sec_1","shelf_1771272914756","1574000000000","","","STOCK_BAJO"
"box_1775148532157","MANGUERA NEONATAL PHILLPS 3.0","1","shelf_1771272914756_sec_1","shelf_1771272914756","","","","STOCK_BAJO"
"box_1775148549228","MANGUERA ADULTO PHILLPIS NIBP 3.0","1","shelf_1771272914756_sec_1","shelf_1771272914756","9898032097710","","","STOCK_BAJO"
"box_1775148571859","EXTENSION TRONCAL SPOT (2M)","4","shelf_1771272914756_sec_1","shelf_1771272914756","","","","STOCK_BAJO"
"box_1775148682746","SENSOR DE TEMPERATURA PHILLIPS","0","shelf_1771272914756_sec_1","shelf_1771272914756","0227492798000","","","STOCK_BAJO"
"box_1775148707822","SENSOR SPO2 ADULTO 3M PHILLIPS","4","shelf_1771272914756_sec_1","shelf_1771272914756","2103854410000","","","STOCK_BAJO"
"box_1775148729211","BRAZALETE NEO PHILLIPS","1","shelf_1771272914756_sec_1","shelf_1771272914756","","","","STOCK_BAJO"
"box_1782417533568","Sensor  Nasal  Alar SPO2 Adulto","0","shelf_1771272914756_sec_1","shelf_1771272914756","9898032053810","","","STOCK_BAJO"
"box_1782417596929","Cable Troncal Sensor Nasal SPO2 Adilto","6","shelf_1771272914756_sec_1","shelf_1771272914756","1943000000000","","","STOCK_BAJO"
"box_1786037406497","Cable 3 derivada ECG Phillips ","20","shelf_1771272914756_sec_1","shelf_1771272914756","1671000000000","","","OK"
"box_1786037549234","Troncal ECG 3 derivadas Phillips","20","shelf_1771272914756_sec_1","shelf_1771272914756","1669000000000","","","OK"
"box_1786037627968","Troncales 5 Derivadas Phillips ","10","shelf_1771272914756_sec_1","shelf_1771272914756","1668000000000","","","STOCK_BAJO"
"box_1786037709863","sensores 5 derivadas ECG Phillips","9","shelf_1771272914756_sec_1","shelf_1771272914756","1973000000000","","","STOCK_BAJO"
"box_1786038085712","Troncal 10 derivadas ECG Phillps","10","shelf_1771272914756_sec_1","shelf_1771272914756","1663000000000","","","STOCK_BAJO"
"box_1786038216937","Sensores de Temperatura reutilizable Phillips","15","shelf_1771272914756_sec_2","shelf_1771272914756","1799898032208","","","OK"
"box_1786038452393","Brazalete Adulto Phillips 27.5-36.0","10","shelf_1771272914756_sec_2","shelf_1771272914756","4555000000000","","","STOCK_BAJO"
"box_1786038553671","Brazalete Pediatrico Phillips 14.0-21.5","10","shelf_1771272914756_sec_2","shelf_1771272914756","1572000000000","","","STOCK_BAJO"
"box_1786038686353","Manguera Neo Phillips ","10","shelf_1771272914756_sec_2","shelf_1771272914756","0088483810783","","","STOCK_BAJO"
"box_1786038750675","Brazalete Neo Phillips N1","10","shelf_1771272914756_sec_2","shelf_1771272914756","1866000000000","","","STOCK_BAJO"
"box_1786038807145","Brazalete Neo phillips N2","10","shelf_1771272914756_sec_2","shelf_1771272914756","1868000000000","","","STOCK_BAJO"
"box_1786038868986","Brazalete Neo Phillips N3","10","shelf_1771272914756_sec_2","shelf_1771272914756","1870000000000","","","STOCK_BAJO"
"box_1786038895929","Brazalete Neo Phillps N4","10","shelf_1771272914756_sec_2","shelf_1771272914756","1872000000000","","","STOCK_BAJO"
"box_1786038952754","Brazalete Neo Phillips N5 Neo","10","shelf_1771272914756_sec_2","shelf_1771272914756","1873000000000","","","STOCK_BAJO"
"box_1786039016689","Manguera Adulto pediatrica","10","shelf_1771272914756_sec_2","shelf_1771272914756","9898032097710","","","STOCK_BAJO"
"box_1786039132065","Saturometro Adulto Phillips","15","shelf_1771272914756_sec_2","shelf_1771272914756","9898032059010","","","OK"
"box_1771272962636","Sensor y Troncal alar Monitor Phillips Mx450-550","22","shelf_1771272914756_sec_2","shelf_1771272914756","1943000000000","","","OK"
"box_1771272614302","Motor de Laboratiro","4","shelf_1771272914756_sec_3","shelf_1771272914756","","","","STOCK_BAJO"
"box_1771272648446","Accesorio Autoclave","1","shelf_1771272914756_sec_3","shelf_1771272914756","","","","STOCK_BAJO"
"box_1771272631326","Accesorios Ecografo Urgencias","2","shelf_1771272914756_sec_3","shelf_1771272914756","","","","STOCK_BAJO"
"box_1771272681038","Caja Mantenimiento Epson","2","shelf_1771272914756_sec_3","shelf_1771272914756","","","","STOCK_BAJO"
"box_1773272344717","Repuesto osteopulmonar","1","shelf_1771272914756_sec_3","shelf_1771272914756","","","","STOCK_BAJO"
"box_1771272983156","Mangueras Calenador de Pacientes","3","shelf_1771272914756_sec_3","shelf_1771272914756","0100000000155","","","STOCK_BAJO"
"box_1773272377127","Repuestos bastores","1","shelf_1771272914756_sec_4","shelf_1771272914756","","","","STOCK_BAJO"
"box_1773273235166","Circuito 22mm Breathin","5","shelf_1771272914756_sec_4","shelf_1771272914756","","","","STOCK_BAJO"
"box_1773273369411","Set de recambio filtro con tubo","3","shelf_1771272914756_sec_4","shelf_1771272914756","0036020000000","","","STOCK_BAJO"
"box_1771358941342","Oximetros de pulso neonatales","1","shelf_1771358886350_sec_1","shelf_1771358886350","","","","STOCK_BAJO"
"box_1771358985829","kit desinfeccion Airvo","1","shelf_1771358886350_sec_2","shelf_1771358886350","","","","STOCK_BAJO"
"box_1771359008245","Oftalmoscopio","1","shelf_1771358886350_sec_2","shelf_1771358886350","2290028808600","","","STOCK_BAJO"
"box_1771359035021","Dataloger","1","shelf_1771358886350_sec_2","shelf_1771358886350","","","","STOCK_BAJO"
"box_1771359046013","Filtros Airvo","1","shelf_1771358886350_sec_2","shelf_1771358886350","","","","STOCK_BAJO"
"box_1771359093029","cubiertas d sonda","1","shelf_1771358886350_sec_2","shelf_1771358886350","","","","STOCK_BAJO"
"box_1771359123708","Sensor Neonatal","1","shelf_1771358886350_sec_2","shelf_1771358886350","","","","STOCK_BAJO"
"box_1771359155516","Papel electrocardiograma","2","shelf_1771358886350_sec_3","shelf_1771358886350","","","","STOCK_BAJO"
"box_1771359218363","Papel Electro Nihon kohden","1","shelf_1771358886350_sec_3","shelf_1771358886350","","","","STOCK_BAJO"
"box_1771359260107","Precintos plasticos","1","shelf_1771358886350_sec_3","shelf_1771358886350","","","","STOCK_BAJO"
"box_1771359280843","precintos plasticos rojos","1","shelf_1771358886350_sec_3","shelf_1771358886350","","","","STOCK_BAJO"
"box_1771359342890","Papel desfibrilador 80mm mindray - Edan","1","shelf_1771358886350_sec_4","shelf_1771358886350","","","","STOCK_BAJO"
"box_1771359370442","Papel Monitor Cardiofetal Edan","1","shelf_1771358886350_sec_4","shelf_1771358886350","","","","STOCK_BAJO"
"box_1771359434658","Papel ECG MAC ","1","shelf_1771358886350_sec_4","shelf_1771358886350","","","","STOCK_BAJO"
"box_1771359471113","Papel Reciclaje","1","shelf_1771358886350_sec_4","shelf_1771358886350","","","","STOCK_BAJO"
"box_1771359760655","Filtros lavadora Endoscopio","1","shelf_1771359683111_sec_2","shelf_1771359683111","","","","STOCK_BAJO"
"box_1771359783447","Repuestos Lavachatas","1","shelf_1771359683111_sec_2","shelf_1771359683111","","","","STOCK_BAJO"
"box_1771359814679","Control Remoto Catres Quirurgicos","2","shelf_1771359683111_sec_2","shelf_1771359683111","","","","STOCK_BAJO"
"box_1771359842166","filtros redondosPara Calentador de Pacientes ","6","shelf_1771359683111_sec_2","shelf_1771359683111","","","","STOCK_BAJO"
"box_1771359882486","instrumentos de Temperatura","1","shelf_1771359683111_sec_2","shelf_1771359683111","","","","STOCK_BAJO"
"box_1771359919686","Ampolletas Laringoscopio","1","shelf_1771359683111_sec_2","shelf_1771359683111","","","","STOCK_BAJO"
"box_1771359963662","Fetal doppler","1","shelf_1771359683111_sec_2","shelf_1771359683111","","","","STOCK_BAJO"
"box_1771359700376","Cables de Poder IE13 Standart","14","shelf_1771359683111_sec_3","shelf_1771359683111","4740007708641","","","OK"
"box_1774998796069","Cable de Poder conector 2 entradas ","51","shelf_1771359683111_sec_3","shelf_1771359683111","6686996002354","","","OK"
"box_1774998876814","Cable de poder 3 entrada ","3","shelf_1771359683111_sec_3","shelf_1771359683111","","","","STOCK_BAJO"
"box_1774998944278","8 transformadores 12v ","8","shelf_1771359683111_sec_3","shelf_1771359683111","","","","STOCK_BAJO"
"box_1774999102630","cables de poder UPS","2","shelf_1771359683111_sec_3","shelf_1771359683111","","","","STOCK_BAJO"
"box_1774999156965","Cables Externsor UPS","9","shelf_1771359683111_sec_3","shelf_1771359683111","","","","STOCK_BAJO"
"box_1771360005893","Ruedas de Camillas","1","shelf_1771359683111_sec_4","shelf_1771359683111","","","","STOCK_BAJO"
"box_1771360096708","Ruedas Repuestos Varias","1","shelf_1771359683111_sec_4","shelf_1771359683111","","","","STOCK_BAJO"
"box_1771360550953","Flujometro Oxigeno Doble","1","shelf_1771360496970_sec_2","shelf_1771360496970","","","","STOCK_BAJO"
"box_1771360578489","Flujometros Adultos 15 LPM","1","shelf_1771360496970_sec_3","shelf_1771360496970","","","","STOCK_BAJO"
"box_1771360634320","Finger Probe Nihon Kohden","1","shelf_1771360496970_sec_4","shelf_1771360496970","","","","STOCK_BAJO"
"box_1771360675656","Optoma Dlp Protector","1","shelf_1771360496970_sec_4","shelf_1771360496970","","","","STOCK_BAJO"
"box_1771360817959","Pesas para calibracion","1","shelf_1771360804848_sec_1","shelf_1771360804848","","","","STOCK_BAJO"
"box_1771360849959","Sistema Integrado Numark","1","shelf_1771360804848_sec_1","shelf_1771360804848","","","","STOCK_BAJO"
"box_1771360916366","Tubos Corrugados","1","shelf_1771360804848_sec_2","shelf_1771360804848","","","","STOCK_BAJO"
"box_1771360881566","Evacuador de Humo","1","shelf_1771360804848_sec_3","shelf_1771360804848","","","","STOCK_BAJO"
"box_1771360952486","Insuflador","1","shelf_1771360804848_sec_4","shelf_1771360804848","","","","STOCK_BAJO"
"box_1771361052549","Cajas de herramientas Taladros ","1","shelf_1771361025845_sec_1","shelf_1771361025845","","","","STOCK_BAJO"
"box_1771361067093","Herramientas ","1","shelf_1771361025845_sec_2","shelf_1771361025845","","","","STOCK_BAJO"
"box_1771361087525","Herramientas Pesadas","1","shelf_1771361025845_sec_3","shelf_1771361025845","","","","STOCK_BAJO"
"box_1771361106325","Insumos de Mantencion y limpieza","1","shelf_1771361025845_sec_4","shelf_1771361025845","","","","STOCK_BAJO"
"box_1771361167693","Pistola de Pintura","1","shelf_1771361155596_sec_1","shelf_1771361155596","","","","STOCK_BAJO"
"box_1771361176156","Pistola e Calor","1","shelf_1771361155596_sec_1","shelf_1771361155596","","","","STOCK_BAJO"
"box_1771361194236","Caja Varios","1","shelf_1771361155596_sec_4","shelf_1771361155596","","","","STOCK_BAJO"
"box_1771361300412","Tubos Corrugados","1","shelf_1771361290459_sec_1","shelf_1771361290459","","","","STOCK_BAJO"
"box_1771361327659","Cajas de Repuestos Varios","1","shelf_1771361290459_sec_3","shelf_1771361290459","","","","STOCK_BAJO"
"box_1771361347595","Caja Accesorios","1","shelf_1771361290459_sec_4","shelf_1771361290459","","","","STOCK_BAJO"
"box_1771361442210","Ventilador Mecanico","1","shelf_1771361406915_sec_1","shelf_1771361406915","","","","STOCK_BAJO"
"box_1771361457402","Tubos Corrugados","1","shelf_1771361406915_sec_1","shelf_1771361406915","","","","STOCK_BAJO"
"box_1771361480282","Pulmones de Prueba","1","shelf_1771361406915_sec_2","shelf_1771361406915","","","","STOCK_BAJO"
"box_1771361505842","Respirometro","2","shelf_1771361406915_sec_2","shelf_1771361406915","","","","STOCK_BAJO"
"box_1771361575057","Valbula Ventilador Mecanico","1","shelf_1771361406915_sec_2","shelf_1771361406915","","","","STOCK_BAJO"
"box_1771361628337","Rodamientos sillas","1","shelf_1771361406915_sec_3","shelf_1771361406915","","","","STOCK_BAJO"
"box_1771361705928","Cascos antiparra","2","shelf_1771361687169_sec_1","shelf_1771361687169","","","","STOCK_BAJO"
"box_1771361741640","Cable Scan","1","shelf_1771361687169_sec_4","shelf_1771361687169","","","","STOCK_BAJO"
"box_1771361814976","Desfibrilador Mediana","1","shelf_1771361790040_sec_1","shelf_1771361790040","","","","STOCK_BAJO"
"box_1771361874479","Desfibrilador CU medical system","1","shelf_1771361790040_sec_1","shelf_1771361790040","","","","STOCK_BAJO"
"box_1771361911055","DEA Nihon Kohden ","4","shelf_1771361790040_sec_2","shelf_1771361790040","","","","STOCK_BAJO"
"box_1771361955334","Bomba Agilia","5","shelf_1771361790040_sec_2","shelf_1771361790040","","","","STOCK_BAJO"
"box_1771362060726","Rollos de Papel","1","shelf_1771362041270_sec_1","shelf_1771362041270","","","","STOCK_BAJO"
"box_1771362067422","Manuales","1","shelf_1771362041270_sec_1","shelf_1771362041270","","","","STOCK_BAJO"
"box_1771362086645","Film Alusa","1","shelf_1771362041270_sec_1","shelf_1771362041270","","","","STOCK_BAJO"
"box_1771362116645","EPP proteccion higiene","1","shelf_1771362041270_sec_2","shelf_1771362041270","","","","STOCK_BAJO"
"box_1771362134406","Articulos de Oficina","1","shelf_1771362041270_sec_2","shelf_1771362041270","","","","STOCK_BAJO"
"box_1771362156701","Limpiadores varios","1","shelf_1771362041270_sec_3","shelf_1771362041270","","","","STOCK_BAJO"
"box_1771362185117","Cajas de Herramientas","1","shelf_1771362041270_sec_4","shelf_1771362041270","","","","STOCK_BAJO"
