"id_registro","fecha","usuario","nombre_equipo","marca","modelo","serie","unidad","respuestas","obs","idpdf"
"1","2025-12-30 09:29:58","Luis","Cánula de alto flujo","Fisher paykel","Airvo2","200608137255","ATENCION-OBSTETRICA","OK | OK | OK | OK | NA | NA | NA | OK | OK | NA | OK | OK | OK | OK | NA | OK | NA | NA | NA | NA","",""
"2","2025-12-30 13:24:16","Luis","Lavadora de chatas","Tuttnauer","REVO PRO","l22273313","PABELLONES-QUIRURGICOS","OK | NA | OK | OK | OK | NA | OK | OK | OK | OK | NA | NA | OK | NO | OK | NA | NA | NA | NA | OK","Se encuentra con jarro dentro de la cámara. Este  elemento no está permitido para su lavado ",""
"3","2025-12-31 09:11:10","Luis","Electrocardiógrafo","Edan","SE-301","360625-M22512450005","URGENCIA","OK | OK | OK | OK | NA | NA | OK | OK | OK | NA | OK | OK | NO | NO | OK | NA | NA | NA | NA | NA"," Electrocardiograma se encuentra. Ya 2 días sin papel. Urgencia adulto ",""
"4","2026-01-02 09:59:53","Martin","Monitor de signos vitales básico","NIHON KOHDEN","SVM-7160K-T3","106416","AISLAMIENTO","OK | OK | NO | OK | OK | NA | OK | OK | OK | OK | OK | OK | OK | OK | NA | OK | NA | NA | NA | NA","Equipos desconectados ",""
"5","2026-01-02 10:05:02","Martin","Carro de paro completo ADULTO","MALVESTIO / NIHON KOHDEN","329501 / TEC-5631","6722","CIRUGIA-MENOR","OK | NA | NO | OK | NA | NA | OK | OK | OK | NA | NO | OK | OK | OK | NA | NO | NA | NA | OK | NA","No se realiza chekeo desde el 28 del 12 y está desconectado de la alimentación ",""
"6","2026-01-02 10:09:47","Martin","Ecografo Ginecoobstétrico baja complejidad","GENERAL ELECTRIC","VERSANA PREMIER","6152566WX0","GINECOLOGIA-Y-OBSTETRICIA","OK | OK | OK | OK | OK | OK | OK | OK | OK | NA | OK | OK | NO | OK | NA | OK | NA | NA | NA | NA","Está con gel en transductor ",""
"7","2026-01-02 10:15:42","Martin","Carro de paro completo ADULTO","MALVESTIO / NIHON KOHDEN","329501 / TEC-5631","6753","ATENCION-OBSTETRICA","OK | OK | OK | NA | NA | NA | OK | OK | OK | NA | OK | OK | OK | OK | NA | NO | NA | NA | NA | NA","No se realiza chequeo del 31 de diciembre del 2025",""
"8","2026-01-02 10:21:47","Martin","Lavadora de chatas","Tuttnauer","REVO PRO","L22273613","MEDICO-QUIRURGICA-ADULTO","OK | NA | OK | OK | OK | NA | NA | OK | OK | OK | NA | NA | OK | NO | NA | NA | NA | NA | NA | NA","Mal puesta la chata ",""
"9","2026-01-02 10:56:55","Patricio","DEA","Nihon Kohden","AED-3100","28254","GES","OK | NA | NA | NA | NA | NA | OK | OK | OK | NA | OK | OK | OK | NA | NA | NA | OK | NA | NA | NA","Se cambia parches de equipo",""
"10","2026-01-02 10:58:00","Jorge","Carro de paro completo ADULTO","MALVESTIO / NIHON KOHDEN","329501 / TEC-5631","6763","UPC","OK | OK | OK | OK | NA | OK | OK | OK | OK | OK | OK | OK | OK | OK | OK | NO | NA | NA | NA | NA","Falta chekeo desde el 31 de diciembre ",""
"11","2026-01-02 14:36:53","Patricio","Silla de ruedas","CLINICON SPA","1693 - SILLA DE RUEDAS – AR CON PLETINA","SR001","URGENCIA","N/A | OK | N/A | N/A | N/A | N/A | N/A | N/A | N/A | N/A | N/A | N/A | OK | N/A | OK | N/A | N/A | N/A | N/A | N/A","Se retira silla de rueda y se reemplaza por una en buen estado",""
"12","2026-01-05 09:09:28","Luis","Amaceradora de chatas","Haigh","Qattro","2171","URGENCIA","OK | NA | OK | NA | OK | NA | OK | OK | OK | NA | NA | NA | NO | OK | OK | NO | NO | NO | NO | NO"," Equipo sucio. Hace meses.  Obs adulto ",""
"13","2026-01-05 09:16:36","Luis","Electrocardiograma","General eléctrico ","Mac2000","STD20110156PA","URGENCIA","OK | OK | NO | OK | NO | NO | OK | OK | NO | NA | OK | NO | NO | NO | NO | NO | NO | NO | NO | NO","Equipo se encuentra. Hace demanda en abandono no lo están ocupando. Se a visto en bodegas ahora está afuera de oficina de supervisores de urgencia ",""
"14","2026-01-07 10:03:47","Luis","Lavadora de chatas","Tuttnauer","REVO PRO","L22273613","MEDICO-QUIRURGICA-ADULTO","OK | NA | OK | OK | OK | NA | OK | OK | OK | NA | NA | OK | OK | OK | NA | NA | NA | OK | OK | NA","Se encuentra con detergente en piso  .
Se encuentra con material con líquidos en tapa  de arriba. ",""
"15","2026-01-08 11:50:21","Luis","Camilla Transporte de Cadáveres","ANATHOMIC SOLUTIONS","CA-422","S/N","PATOLOGICA(MORGUE)","OK | OK | NA | NA | NA | NA | NA | NA | NA | NA | NA | NA | NO | NO | OK | NA | NA | NA | NA | NA","Apreté de tornillos de manilla de tapa  . Se deja constancia que tiene broches en mal estado ",""
"16","2026-01-09 08:47:35","Patricio","DEA","Nihon Kohden","AED-3100","28279","ATENCION-OBSTETRICA","OK | NA | NA | OK | NA | NA | OK | OK | OK | NA | OK | OK | NA | NA | NA | NA | OK | NA | NA | NA","Se realiza cambio de parches por vencimiento, fecha de vencimiento del nuevo parche 2026-05",""
"17","2026-01-09 08:56:15","Luis","Silla de ruedas","CLINICON SPA","1693 - SILLA DE RUEDAS – AR CON PLETINA","SR006","KINESIOTERAPIA-Y-REHABILITACION","OK | OK | NA | NA | NA | NA | NA | NA | NA | NA | NA | NA | OK | NA | OK | NA | NA | NA | NA | NA","Se colocan pernos en cruzeta y regulación de frenos ",""
"18","2026-01-09 09:09:16","Luis","Silla de ruedas","CLINICON SPA","1693 - SILLA DE RUEDAS – AR CON PLETINA","SR007","KINESIOTERAPIA-Y-REHABILITACION","OK | OK | NA | NA | NA | NA | NA | NA | NA | NA | NA | NA | OK | NA | OK | NA | NA | NA | NA | NA","Se coloca peronos a cruzetas y se regulan frenos ",""
"19","2026-01-12 09:20:29","Patricio","Electrocardiograma","General eléctrico ","Mac2000","STD20110156PA","URGENCIA","OK | OK | OK | NA | NA | NA | NA | NA | NA | NA | OK | OK | OK | NA | NA | NA | NA | NA | NA | NA","Se repara coneccion de cable de poder en el equipo, equipo operativo ",""
"20","2026-01-12 14:35:55","Luis","Calentador de pacientes","3m","775","146969","PABELLONES-QUIRURGICOS","OK | OK | NO | OK | OK | NA | OK | OK | OK | NA | NA | OK | OK | OK | OK | NA | OK | NA | NA | NA","Cambio de cable de power. Y limpieza de filtro ",""
"21","2026-01-12 14:40:00","Luis","Lavadora de chatas","Tuttnauer","REVO PRO","l22273313","PABELLONES-QUIRURGICOS","OK | NA | OK | OK | OK | NA | OK | OK | OK | OK | NA | NA | NO | OK | NA | NA | NA | NA | OK | OK","Equipo por segunda vez se encuentra con 2 jarros dentro de su cámara  pudiendo provocar roptura de eyectores se agua se deja deshabilitado  equipo ",""
"22","2026-01-12 14:47:44","Luis","Lavadora de chatas","Tuttnauer","REVO PRO","L22300113","UPC","OK | NA | OK | OK | OK | NA | OK | OK | OK | NA | NA | OK | NO | OK | NA | OK | NA | OK | OK | OK","Equipo se encuentra bloqueado por bajo nivel de detergente. Favor estar pendiente personal clínico para el cambio ",""
"23","2026-01-12 14:50:13","Luis","Lavadora de chatas","Tuttnauer","REVO PRO","l223000213","UPC","OK | NA | OK | OK | OK | NA | OK | OK | OK | NA | NA | OK | NO | OK | NA | OK | NA | OK | OK | OK"," Equipo bloqueado. Botón de emergencia activado. Capa 8 ",""
"24","2026-01-13 09:48:38","Luis","Camilla de trasporte","Cogent","E200i","FSH1705CL05-5-2","URGENCIA","OK | NO | NA | NA | NA | NA | NA | NA | NA | NA | NA | NA | NA | NA | NO | NA | NA | NA | NA | NA"," Manivela de freno falta tornillo largo con pasador  . A la espera de compra ",""
"25","2026-01-13 09:55:02","Jorge","Monitor Multiparametros","Philips","MX450","DE777OCTIY","URGENCIA","OK | OK | OK | OK | OK | OK | OK | OK | OK | OK | OK | OK | OK | OK | OK | OK | NO | OK | OK | OK","Se reemplaza troncal de 5 conecciones ",""
"26","2026-01-13 10:00:08","Jorge","Silla de ruedas","CLINICON SPA","1693 - SILLA DE RUEDAS – AR CON PLETINA","SR004","URGENCIA","OK | NO | NA | NA | NA | NA | NA | NA | NA | NA | NA | OK | OK | OK | OK | NA | NO | NA | NA | NA","Fuera de servicio por falta de rodamiento rueda derecha ",""
"27","2026-01-13 11:44:37","Luis","Camilla de trasporte","Cogent","E200i","FSH1705CL05-5-2","URGENCIA","OK | OK | NA | NA | NA | NA | NA | NA | NA | NA | NA | NA | OK | OK | OK | OK | OK | NA | NA | NA"," Se coloca pasador en pedal de freno se lubrican partes móviles limpieza apriete de barandas. ",""
"28","2026-01-13 13:53:29","Jorge","Silla de ruedas","Arcón platina ","1609","SR009","URGENCIA","OK | OK | NA | NA | NA | NA | NA | NA | NA | NA | NA | OK | OK | OK | OK | OK | OK | NA | NA | NA","Se reemplaza por silla SR004 que está fuera de servicio por dos Rodamientos dañados ",""
"29","2026-01-13 16:00:15","Luis","Refrigerador","Malinmaus","Mr100","2463004","ATENCION-OBSTETRICA","OK | NA | OK | NA | NA | NA | OK | OK | OK | OK | NA | OK | OK | OK | NA | OK | NA | NA | NA | NA","Temperaturas correctas tiene una capade hielo pero no afecta su temperatura   foto de referencia  se deja date loger por una hora para confirmar temperatura ",""
"30","2026-01-14 09:28:10","Luis","Monitor signos vitales.","General eléctrico ","V100","Sh622330022sa","SOCIO-SANITARIO","OK | OK | OK | OK | OK | NA | OK | OK | OK | NA | OK | OK | OK | OK | OK | OK | NA | OK | OK | NA","Cambio de spo. ",""
"31","2026-01-14 09:29:21","Patricio","Carro de paro completo ADULTO","MALVESTIO / NIHON KOHDEN","329501 / TEC-5631","6763","UPC","OK | NA | OK | NA | NA | NA | OK | OK | OK | NA | OK | OK | OK | NA | NA | NA | NA | NA | NA | NA","Se realiza revisión de Palas, equipo operativo ",""
"32","2026-01-14 14:41:20","Patricio","Carro transporte medicamento","Pegasus","P2300014","SO22000577","PABELLONES-QUIRURGICOS","OK | OK | NA | NA | NA | NA | NA | NA | NA | NA | NA | NA | OK | OK | NA | NA | NA | NA | NA | NA","Se realiza apriete de ruedas ",""
"33","2026-01-15 10:08:52","Luis","Ecografo Ginecoobstétrico baja complejidad","GENERAL ELECTRIC","VERSANA PREMIER"," 6152568WX0
","ATENCION-OBSTETRICA","OK | OK | OK | OK | NA | OK | OK | OK | OK | NA | OK | OK | OK | OK | OK | NO | NA | NA | NA | NA","Limpieza y desinfección de transductores. Revición de membranas impresora. Puertos de transductores  UPS   limpieza en general. ",""
"34","2026-01-15 11:02:54","Luis","Ecografo baja complejidad","GENERAL ELECTRIC","VERSANA PREMIER","6152569WX0
","ATENCION-OBSTETRICA","OK | OK | OK | OK | OK | OK | OK | OK | OK | NA | NA | OK | OK | OK | OK | NA | NA | NA | OK | NA","Limpieza de equipo en general. Limpieza de transductores y membranas. Ok.  UPS sucia con polvo y pelusas se aprecia que no se hace aseo  equipos con rayadura en parte derecha y notable abertura de tapa. .impresora se encuentra sin papel.  Equipo operativo  box 2. Gine urgencia ",""
"35","2026-01-16 11:05:19","Patricio","Silla de ruedas","CLINICON SPA","1693 - SILLA DE RUEDAS – AR CON PLETINA","SR009","URGENCIA","OK | OK | OK | OK | OK | OK | OK","",""
"36","2026-01-16 11:38:15","Jorge","Carro de paro completo ADULTO","MALVESTIO / NIHON KOHDEN","329501 / TEC-5631","6750","URGENCIA","OK | OK | OK | OK | OK | OK | OK | OK | OK | OK | OK | OK | OK | OK | OK | OK | OK","Falta chekeo desde ayer ",""
"37","2026-01-16 11:39:55","Jorge","Carro de paro completo ADULTO","MALVESTIO / NIHON KOHDEN","329501 / TEC-5631","6751","GINECOLOGIA-Y-OBSTETRICIA","OK | OK | OK | OK | OK | OK | OK | OK | OK | OK | OK | OK | OK | NO | OK | OK | OK","Falta chekeo desde el 11",""
"38","2026-01-17 10:56:44","Luis","Lavadora de chatas","Tuttnauer","REVO PRO","L22273813","PARTOS","OK | OK | OK | OK | OK | OK | OK | OK | OK | OK | OK | OK"," Equise encuentra el límite de detergente no Haye me servicio.  Se realiza limpieza.  Niveles de sal. Se verifica ablandador.  Miren como brilla el equipo ",""
"39","2026-01-19 08:50:22","Martin","Monitor Desfibrilador con carro de transporte","NIHON KOHDEN","TEC-5631","6755","UPC","OK | OK | OK | OK | OK | OK | OK | OK | OK | OK | OK | OK | OK | OK | OK | OK | OK","No sé realiza chequeo desde el 16/01/2026",""
"40","2026-01-19 09:02:50","Luis","Maceradora de chatas","HAIGH","QUATTRO","1153E-2172","URGENCIA","OK | NO | OK | OK | OK | OK | OK | NO | NO | OK | OK | OK","Equipos sucio. Se identifica  arriba de la tapa con polvo de cloro en reiteras oportunidades ",""
"41","2026-01-20 09:05:48","Luis","Lavadora de chatas","Tuttnauer","REVO PRO","L22273613","ATENCION-OBSTETRICA","OK | OK | OK | OK | OK | OK | OK | OK | OK | OK | OK | OK","Cámara de limpieza se encuentra con 2 chatas . Se informa en estación de enfermería 
",""
"42","2026-01-20 09:41:59","Luis","Detector de Latidos Cardiofetales","Jumper","JPD-100ER","8926100E421066","GINECOLOGIA-Y-OBSTETRICIA","NA | NA | NA | NA | NA | NA | NA | NA | NO | NO | NO","Transductor sucio ",""
"43","2026-01-20 09:52:44","Martin","Lavadora de chatas","Tuttnauer","REVO PRO","L22273513","MEDICO-QUIRURGICA-PEDIATRICA","NO | NO | NO | NO | NO | NO | NO | NO | NO | NO | NO | NO","Pato atascado en cámara de desinfección del lava chata",""
"44","2026-01-20 10:14:59","Martin","Ecografo Portátil","SAMSUNG","HS40","S3C1M3HX300003R
","URGENCIA","NO | NO | OK | OK | OK | OK | OK | OK | OK | OK | NO","Cables de sondas ( transductores con fluidos sangre  equipo sucio se  realiza limpieza  de cables ",""
"45","2026-01-20 12:55:55","Luis","Camilla Transporte de Cadáveres","ANATHOMIC SOLUTIONS","CA-422","S/N","PATOLOGICA(MORGUE)","OK | OK | OK | OK | OK | OK | OK | OK | OK | OK | OK | OK | OK","Se coloca peronos y tornillos en manilla de  tapa . Se realiza limpieza de este equipo ",""
"46","2026-01-21 09:16:50","Patricio","Catre Quirúrgico Eléctrico","MALVESTIO","3725 - 3725B","2009766","AISLAMIENTO","[""OK"",""OK"",""OK"",""OK"",""OK"",""OK"",""OK"",""OK"",""NA"",""OK"",""OK"",""OK"",""OK""]","Se cambia cable de poder de cama",""
"47","2026-01-22 08:17:26","Jorge","Silla de ruedas","CLINICON SPA","1693 - SILLA DE RUEDAS – AR CON PLETINA","SR010","DIALISIS","[""OK"",""OK"",""OK"",""OK"",""OK"",""OK"",""OK""]","Se entrega OK ","1769080646038544"
"48","2026-01-22 13:56:26","Jorge","Camilla traslado paciente","Schroder ","Cyclone ","20928","URGENCIA","[""OK"",""OK"",""NO"",""NO"",""NO"",""NO"",""NO"",""NO"",""NO"",""NO"",""NO"",""NO"",""OK"",""OK"",""OK"",""OK"",""NO"",""NO"",""NO"",""NO""]","Reparación respaldo  y lubricación frenos ","1769100986694677"
"49","2026-01-24 11:18:21","Luis","Lavadora de chatas","Tuttnauer","REVO PRO","L22273813","PARTOS","OK | OK | OK | OK | OK | OK | OK | OK | OK | OK | OK | OK"," Se encontraban con nivel de detergente bajo el cual bloqueaba la lavadora. Anteriormente se aviso. Sobre el cambio de detergentes ",""
"50","2026-01-26 08:46:18","Patricio","Lavadora de chatas","Tuttnauer","REVO PRO","l22273313","PABELLONES-QUIRURGICOS","[""OK"",""OK"",""OK"",""OK"",""OK"",""OK"",""OK"",""OK"",""OK"",""OK"",""OK"",""OK""]","Parada de emergencia activada, utilizan una chata de un tamaño inadecuado(es más grande de lo que soporta el equipo) ","1769427977591147"
"51","2026-01-26 10:29:43","Martin","Detector latidos cardiofetales","Edan","F9","M2251228006","ATENCION-OBSTETRICA","[""OK"",""NA"",""NA"",""NA"",""NA"",""NA"",""NA"",""NA"",""NA"",""NA"",""NA"",""NA"",""NO"",""NA"",""NA"",""NA"",""NA"",""NA"",""NA"",""NA""]","Transductores sucios","1769434181664658"
"52","2026-01-26 10:31:17","Jorge","Detector de latidos cardiofetales","Edan ","F9","12280007","ATENCION-OBSTETRICA","[""OK"",""OK"",""OK"",""OK"",""OK"",""OK"",""OK"",""OK"",""OK"",""OK"",""OK"",""OK"",""NO"",""OK"",""NO"",""OK"",""OK"",""OK"",""OK"",""OK""]","Estado sucio no limpiaron transductores ","1769434276572238"
"53","2026-01-26 10:43:08","Patricio","Maquina de anestesia","Dräger","Perseus A500","ASLL-0007","PABELLONES-QUIRURGICOS","[""OK"",""OK"",""OK"",""OK"",""OK"",""NA"",""OK"",""OK"",""OK"",""NA"",""OK"",""OK"",""OK"",""NA"",""OK"",""NA"",""NA"",""OK"",""OK"",""OK""]","Se realiza limpieza en superficie de reservorio de cal la cual se encontraba generando la fuga","1769434987701849"
"54","2026-01-27 10:03:59","Luis","Cama mortuoria","Sin marca ","Sin modelo ","S/n ","PATOLOGICA(MORGUE)","[""OK"",""OK"",""OK"",""OK"",""OK"",""OK"",""NO"",""NO"",""OK"",""NO"",""NO"",""NO"",""NO""]","Cambio de broches de puertas ","1769519038058304"
"55","2026-01-27 15:40:19","Patricio","Catre Quirúrgico Eléctrico","MALVESTIO","3725 - 3725B","20098280","UPC","[""OK"",""OK"",""OK"",""OK"",""OK"",""OK"",""OK"",""NA"",""NA"",""OK"",""NO"",""OK"",""OK""]","Se realiza calibracion de cama, se deja constancia de que la bateria de la cama clínica se encuentra vacía sin carga se deja enchufado para su carga","176953921867111"
"56","2026-01-28 09:42:56","Patricio","Ecografo Ginecoobstétrico baja complejidad","GENERAL ELECTRIC","VERSANA PREMIER","6152566WX0","GINECOLOGIA-Y-OBSTETRICIA","[""OK"",""OK"",""OK"",""OK"",""OK"",""OK"",""OK"",""OK"",""NA"",""OK"",""OK""]","Se realiza revisión y reinicio de ecografo dado que el equipo fue encendido de mala manera ","1769604175381188"
"57","2026-01-28 10:47:48","Luis","Monitor de signos vitales básico","NIHON KOHDEN","SVM-7160K-T3","106331","MEDICO-QUIRURGICA-ADULTO","[""OK"",""NO"",""NO"",""OK"",""OK"",""OK"",""OK"",""NO"",""OK"",""OK"",""OK"",""NO"",""NO"",""OK"",""NO"",""NO"",""NO""]","Base del monitor sin tornillos. Se colocan cable spo2 sucio y enrroyado  queda operativo ","1769608067145390"
"58","2026-01-28 16:29:58","Martin","Silla de ruedas","CLINICON SPA","1693 - SILLA DE RUEDAS – AR CON PLETINA","SR008","BODEGA-EEMM","[""OK"",""OK"",""OK"",""OK"",""OK"",""OK"",""OK""]","Se agregan remaches en apoya pies","176962859290883"
"59","2026-01-29 09:40:23","Jorge","Silla de ruedas","CLINICON SPA","1693 - SILLA DE RUEDAS – AR CON PLETINA","SR011","BODEGA-EEMM","[""OK"",""OK"",""OK"",""OK"",""OK"",""OK"",""OK""]","Se reemplaza rodamientos rueda derecha , se ajusta chasis , se instalan reposa pies ","1769690422553786"
"60","2026-01-29 17:17:21","Martin","Silla de rueda","S/n","S/n","SR012","CIRUGIA-MENOR","[""OK"",""OK"",""OK"",""OK"",""OK"",""OK"",""OK""]","Se realiza fijación de apoya pies se lubrican ruedas estado operativo","1769717835542666"
"61","2026-01-29 17:43:11","Jorge","Silla de ruedas","CLINICON SPA","1693 - SILLA DE RUEDAS – AR CON PLETINA","SR005","BODEGA-EEMM","[""OK"",""OK"",""OK"",""OK"",""OK"",""OK"",""OK""]","Se instala rueda derecha y ajustan pisaderas ","1769719390034710"
"62","2026-01-29 18:36:44","Martin","Silla de ruedas","S/i","S/i","SR014","MEDICO-QUIRURGICA-ADULTO","[""OK"",""OK"",""OK"",""OK"",""OK"",""OK"",""OK""]","Se realiza fijación de reposa pies se lubrican ruedas ","1769722600340969"
"63","2026-01-29 18:40:09","Jorge","Silla de ruedas","S/i","S/i","SR013","MEDICO-QUIRURGICA-ADULTO","[""OK"",""OK"",""OK"",""OK"",""OK"",""OK"",""OK""]","Se ajustan apoya pies ","1769722808463272"
"64","2026-01-29 18:55:01","Martin","Lavadora de chatas","Tuttnauer","REVO PRO","L22273613","MEDICO-QUIRURGICA-ADULTO","[""OK"",""OK"",""OK"",""OK"",""OK"",""OK"",""OK"",""OK"",""OK"",""OK"",""OK"",""OK""]","Chata mal puesta ","1769723696481768"
"65","2026-01-30 14:38:46","Jorge","Maquina de anestesia","MINDRAY","A8"," FX6-3B000065
","PABELLONES-QUIRURGICOS","[""OK"",""OK"",""OK"",""OK"",""OK"",""OK"",""OK"",""OK"",""OK"",""OK"",""OK""]","Enchufes en mal estado , carro de eoectrovisturi con ruedas oxidadas ","176979472534522"
"66","2026-01-30 14:53:20","Jorge","Maquina de anestesia","Dräger","Perseus A500","ASLL-0007","PABELLONES-QUIRURGICOS","[""OK"",""OK"",""NO"",""OK"",""OK"",""OK"",""OK"",""OK"",""OK"",""OK"",""OK""]","Presión de la botella O2 no la han cambiado ","1769795599363875"
"67","2026-01-31 09:28:24","Jorge","Ecografo baja complejidad","GENERAL ELECTRIC","VERSANA PREMIER","6152569WX0
","GINECOLOGIA-Y-OBSTETRICIA","[""OK"",""OK"",""OK"",""OK"",""OK"",""OK"",""OK"",""OK"",""OK"",""OK"",""OK""]","Mantención preventiva a Ecografo limpieza transductores y chasis ","1769862502730231"
"68","2026-01-31 10:07:01","Patricio","DEA","Nihon Kohden","AED-3100","28228","ATENCION-OBSTETRICA","[""OK"",""OK"",""OK"",""OK"",""OK"",""OK"",""OK"",""OK"",""OK"",""OK"",""OK"",""OK"",""OK"",""OK"",""OK"",""OK"",""OK""]","","176986482117779"
"69","2026-01-31 10:20:09","Jorge","Ecografo Ginecoobstétrico baja complejidad","GENERAL ELECTRIC","VERSANA PREMIER"," 6152568WX0
","GINECOLOGIA-Y-OBSTETRICIA","[""OK"",""OK"",""OK"",""OK"",""OK"",""OK"",""OK"",""OK"",""OK"",""OK"",""OK""]","Se realiza mantención preventiva a Ecografo por transductores sucios quedan ok","1769865607279310"
"70","2026-02-06 13:32:00","Jorge","Silla de ruedas","CLINICON SPA","1693 - SILLA DE RUEDAS – AR CON PLETINA","SR011","BODEGA-EEMM","[""OK"",""OK"",""OK"",""OK"",""OK"",""OK"",""OK""]","Se ajusta rueda derecha suelta ","17703955190715"
"71","2026-02-06 14:18:38","Jorge","Maquina de anestesia","Dräger","Perseus A500","ASLL-0007","PABELLONES-QUIRURGICOS","[""OK"",""OK"",""OK"",""OK"",""OK"",""OK"",""OK"",""OK"",""OK"",""OK"",""OK""]","Pabellón 0 ok","1770398318008887"
"72","2026-02-06 14:22:45","Jorge","Maquina de anestesia","Dräger","Perseus A500","ASLL-0009","PABELLONES-QUIRURGICOS","[""OK"",""OK"",""OK"",""OK"",""OK"",""OK"",""OK"",""OK"",""OK"",""OK"",""OK""]","Pabellón 1 ok","1770398564653387"
"73","2026-02-09 09:31:42","Jorge","Amaceradora de chatas","Haigh","Qattro","2171","URGENCIA","[""OK"",""OK"",""OK"",""OK"",""OK"",""OK"",""OK"",""OK"",""OK"",""OK"",""OK"",""OK"",""OK"",""OK"",""OK"",""NO"",""OK"",""OK"",""OK"",""OK""]","Blokeada más de una semana ","1770640301766422"
"74","2026-02-09 09:34:37","Jorge","Carro de paro completo ADULTO","MALVESTIO / NIHON KOHDEN","329501 / TEC-5631","6750","URGENCIA","[""OK"",""OK"",""OK"",""OK"",""OK"",""OK"",""OK"",""OK"",""OK"",""OK"",""OK"",""OK"",""OK"",""NO"",""OK"",""OK"",""OK""]","Cable conecciones a invasiva con daño y sin mantención ","17706404765525"
"75","2026-02-10 09:30:02","Luis","Desfibrilador","Nihon kohden ","Cardio life ","6727","GINECOLOGIA-Y-OBSTETRICIA","[""OK"",""NO"",""OK"",""OK"",""NO"",""NO"",""OK"",""OK"",""OK"",""NO"",""OK"",""OK"",""OK"",""OK"",""NO"",""OK"",""OK"",""OK"",""NO"",""NO""]"," Adaptador chuco. Con pines doblados por  movimiento forzado  se cambia ","1770726600786411"
"76","2026-02-10 10:02:01","Luis","Silla de ruedas","CLINICON SPA","1693 - SILLA DE RUEDAS – AR CON PLETINA","SR011","MEDICO-QUIRURGICA-ADULTO","[""OK"",""OK"",""OK"",""OK"",""OK"",""OK"",""OK""]","Cambio de rodamientos rueda izquierda se encuentra con rodamiento reventados  ","1770728520101222"
"77","2026-02-10 10:21:41","Luis","Amaceradora de chatas","Haigh","Qattro","2171","URGENCIA","[""OK"",""NO"",""OK"",""OK"",""OK"",""NO"",""OK"",""OK"",""OK"",""NO"",""NO"",""OK"",""NO"",""NO"",""OK"",""OK"",""NO"",""NO"",""NO"",""OK""]","Equipo se encuentra bloqueado por llave de agua cerrada por personal ","1770729700127670"
"78","2026-02-10 10:31:08","Jorge","Ecografo Ginecoobstétrico baja complejidad","GENERAL ELECTRIC","VERSANA PREMIER"," 6152568WX0
","URGENCIA","[""OK"",""NO"",""OK"",""OK"",""OK"",""OK"",""OK"",""OK"",""OK"",""NO"",""OK""]","Transductores sucios ","1770730267334132"
"79","2026-02-10 10:49:57","Luis","Lavadora de chatas","Tuttnauer","REVO PRO","L22273413","MEDICO-QUIRURGICA-ADULTO","[""OK"",""OK"",""OK"",""OK"",""OK"",""OK"",""OK"",""OK"",""OK"",""OK"",""OK"",""OK""]","Equipo bloqueado. Por mala manipulación ","177073139646322"
"80","2026-02-18 11:07:01","Jorge","Maquina de anestesia","Dräger","Perseus A500","ASLL-0007","PABELLONES-QUIRURGICOS","[""OK"",""OK"",""OK"",""OK"",""OK"",""OK"",""OK"",""OK"",""OK"",""OK"",""OK""]","Ok","1771423620930984"
"81","2026-02-18 11:09:19","Jorge","Maquina de anestesia","Dräger","Perseus A500","ASLL-0009","PABELLONES-QUIRURGICOS","[""OK"",""OK"",""OK"",""OK"",""OK"",""OK"",""OK"",""OK"",""OK"",""OK"",""OK""]","Ok","1771423758442742"
"82","2026-02-18 11:12:11","Jorge","Maquina de anestesia","MINDRAY","A8"," FX6-3B000067
","PABELLONES-QUIRURGICOS","[""OK"",""OK"",""OK"",""OK"",""OK"",""OK"",""OK"",""OK"",""OK"",""OK"",""OK""]","Ok","1771423929962858"
"83","2026-02-18 11:14:16","Jorge","Maquina de anestesia","MINDRAY","A8"," FX6-3B000065
","PABELLONES-QUIRURGICOS","[""OK"",""OK"",""OK"",""OK"",""OK"",""OK"",""OK"",""OK"",""OK"",""OK"",""OK""]","Ok","1771424055527143"
"84","2026-02-19 09:42:11","Jorge","Lavadora de chatas","Tuttnauer","REVO PRO","L22273613","MEDICO-QUIRURGICA-ADULTO","[""OK"",""OK"",""OK"",""OK"",""OK"",""OK"",""OK"",""OK"",""OK"",""OK"",""OK"",""OK""]","Dos chatas sobrepuestas ","177150492994782"
"85","2026-02-20 09:31:47","Jorge","Carro de paro completo ADULTO","MALVESTIO / NIHON KOHDEN","329501 / TEC-5631","6722","CIRUGIA-MENOR","[""OK"",""OK"",""OK"",""OK"",""OK"",""OK"",""OK"",""OK"",""OK"",""OK"",""OK"",""OK"",""OK"",""OK"",""OK"",""OK"",""OK""]","Falta rollo y chequeo","1771590705671653"
"86","2026-02-27 15:31:08","Jorge","Maquina de anestesia","MINDRAY","A8"," FX6-3B000067
","PABELLONES-QUIRURGICOS","[""OK"",""OK"",""OK"",""OK"",""OK"",""OK"",""OK"",""OK"",""OK"",""OK"",""OK""]","Ok","1772217066891116"
"87","2026-02-27 15:32:36","Jorge","Monitor Desfibrilador con carro de transporte","NIHON KOHDEN","TEC-5631","6764","PABELLONES-QUIRURGICOS","[""OK"",""OK"",""OK"",""OK"",""OK"",""OK"",""OK"",""OK"",""OK"",""OK"",""OK"",""OK"",""OK"",""OK"",""OK"",""OK"",""OK""]","Ok","1772217155203796"
"88","2026-02-27 15:46:43","Jorge","Monitor Desfibrilador con carro de transporte","NIHON KOHDEN","TEC-5631","6755","PABELLONES-QUIRURGICOS","[""OK"",""OK"",""OK"",""OK"",""OK"",""OK"",""OK"",""OK"",""OK"",""OK"",""OK"",""OK"",""OK"",""OK"",""OK"",""OK"",""OK""]","Ok","177221800230975"
"89","2026-02-27 15:16:17","Patricio","Maquina de anestesia","MINDRAY","A8"," FX6-3B000068
","ATENCION-OBSTETRICA","[""OK"",""OK"",""OK"",""OK"",""OK"",""OK"",""OK"",""OK"",""NA"",""OK"",""NA""]","Operativo ","1772216176900234"
"90","2026-02-27 15:17:39","Patricio","Maquina de anestesia","MINDRAY","A8"," FX6-3B000065
","ATENCION-OBSTETRICA","[""OK"",""OK"",""OK"",""OK"",""OK"",""OK"",""OK"",""OK"",""NA"",""OK"",""NA""]","Operativo ","1772216258853627"
"91","2026-02-27 15:18:15","Patricio","Maquina de anestesia","MINDRAY","A8"," FX6-3B000068
","PABELLONES-QUIRURGICOS","[""OK"",""OK"",""OK"",""OK"",""OK"",""OK"",""OK"",""OK"",""NA"",""OK"",""NA""]","Operativo ","1772216294625680"
"92","2026-02-27 15:18:52","Patricio","Maquina de anestesia","MINDRAY","A8"," FX6-3B000065
","PABELLONES-QUIRURGICOS","[""OK"",""OK"",""OK"",""OK"",""OK"",""OK"",""OK"",""OK"",""NA"",""OK"",""NA""]","Operativo ","1772216332054995"
"93","2026-02-27 15:28:03","Patricio","Maquina de anestesia","Dräger","Perseus A500","ASLL-0009","PABELLONES-QUIRURGICOS","[""OK"",""OK"",""OK"",""OK"",""OK"",""OK"",""OK"",""OK"",""NA"",""OK"",""NA""]","Operativo ","1772216883049497"
"94","2026-02-28 20:53:57","Patricio","Agitador de bolsas de sangre","DELCON","HEMOMIX 3","1316423","ATENCION-OBSTETRICA","[""OK"",""OK"",""OK"",""OK"",""OK"",""OK"",""OK"",""OK"",""OK"",""OK"",""OK"",""OK"",""OK"",""OK"",""OK"",""OK"",""OK""]","","177232283659614"
"95","2026-03-03 09:39:20","Jorge","Carro de paro completo ADULTO","MALVESTIO / NIHON KOHDEN","329501 / TEC-5631","6750","URGENCIA","[""OK"",""OK"",""OK"",""OK"",""OK"",""OK"",""OK"",""OK"",""OK"",""OK"",""OK"",""OK"",""OK"",""NO"",""OK"",""OK"",""OK""]","No sé realiza calibración y problemas cable en posible corte a futuro ","1772541559510973"
"96","2026-03-03 09:41:28","Jorge","Carro de paro completo ADULTO","MALVESTIO / NIHON KOHDEN","329501 / TEC-5631","6762","URGENCIA","[""OK"",""OK"",""OK"",""OK"",""OK"",""OK"",""OK"",""OK"",""OK"",""OK"",""OK"",""OK"",""OK"",""NO"",""OK"",""OK"",""OK""]","Sin calibración y con otro equipo que no es del servicio además sin papel ","1772541686949202"
"97","2026-03-03 10:11:45","Jorge","Ecografo Ginecoobstétrico baja complejidad","GENERAL ELECTRIC","VERSANA PREMIER","6152566WX0","BODEGA-EEMM","[""OK"",""NO"",""OK"",""OK"",""OK"",""OK"",""OK"",""OK"",""OK"",""OK"",""OK""]","Se encuentra con gel , se les informa  al servicio queda Ok","1772543504961804"
"98","2026-03-03 10:14:54","Jorge","Carro de paro completo ADULTO","MALVESTIO / NIHON KOHDEN","329501 / TEC-5631","6722","CIRUGIA-MENOR","[""OK"",""OK"",""OK"",""OK"",""OK"",""OK"",""OK"",""OK"",""OK"",""OK"",""OK"",""OK"",""OK"",""NO"",""OK"",""OK"",""OK""]","Falta calibración. Semanal ","1772543694064488"
"99","2026-03-04 09:53:36","Patricio","Lavadora de chatas","Tuttnauer","REVO PRO","L22300113","UPC","[""OK"",""OK"",""OK"",""OK"",""OK"",""OK"",""OK"",""OK"",""OK"",""OK"",""OK"",""OK""]","Se revisando sensores de nivel de agua y se deja equipo operativo ","1772628815971256"
"100","2026-03-05 13:19:56","Jorge","Camilla de examen","CLINICON (FABRICANTE ITALINOX)","CAMILLA DE EXAMEN","S/N","URGENCIA-PEDIATRICA","[""OK"",""OK"",""OK"",""OK"",""OK"",""OK"",""OK"",""OK"",""NO"",""OK"",""OK"",""OK"",""OK""]","Se repara manilla superior izquierda y central de camilla ","1772727595369822"
"101","2026-03-06 15:15:58","Patricio","Maquina de anestesia","MINDRAY","A8"," FX6-3B000068
","PABELLONES-QUIRURGICOS","[""OK"",""OK"",""OK"",""OK"",""OK"",""OK"",""OK"",""OK"",""OK"",""OK"",""NA""]","Operativo ","1772820957620792"
"102","2026-03-06 15:18:32","Patricio","Maquina de anestesia","Dräger","Perseus A500","ASLL-0009","PABELLONES-QUIRURGICOS","[""OK"",""OK"",""OK"",""OK"",""OK"",""OK"",""OK"",""OK"",""OK"",""OK"",""NA""]","Operativo ","1772821111885577"
"103","2026-03-06 15:21:59","Patricio","Maquina de anestesia","Dräger","Perseus A500","ASLL-0007","PABELLONES-QUIRURGICOS","[""OK"",""OK"",""OK"",""OK"",""OK"",""OK"",""OK"",""OK"",""OK"",""OK"",""NA""]","Operativo ","1772821318832914"
"104","2026-03-13 15:17:16","Jorge","Maquina de anestesia","Dräger","Perseus A500","ASLL-0009","PABELLONES-QUIRURGICOS","[""OK"",""OK"",""OK"",""OK"",""OK"",""OK"",""OK"",""OK"",""OK"",""OK"",""OK""]","Ok","177342583534973"
"105","2026-03-13 15:18:40","Jorge","Monitor Desfibrilador con carro de transporte","NIHON KOHDEN","TEC-5631","6752","PABELLONES-QUIRURGICOS","[""OK"",""OK"",""OK"",""OK"",""OK"",""OK"",""OK"",""OK"",""OK"",""OK"",""OK"",""OK"",""OK"",""OK"",""OK"",""OK"",""OK""]","Ok","1773425920023473"
"106","2026-03-13 15:20:21","Martin","Monitor Desfibrilador con carro de transporte","NIHON KOHDEN","TEC-5631","6764","PABELLONES-QUIRURGICOS","[""OK"",""OK"",""OK"",""OK"",""OK"",""OK"",""OK"",""OK"",""OK"",""OK"",""OK"",""OK"",""OK"",""OK"",""OK"",""OK"",""OK""]","Ok","1773426020568485"
"107","2026-03-13 15:21:38","Jorge","Monitor Desfibrilador con carro de transporte","NIHON KOHDEN","TEC-5631","6755","PABELLONES-QUIRURGICOS","[""OK"",""OK"",""OK"",""OK"",""OK"",""OK"",""OK"",""OK"",""OK"",""OK"",""OK"",""OK"",""OK"",""OK"",""OK"",""OK"",""OK""]","Ok","1773426097997161"
"108","2026-03-13 15:22:59","Martin","Maquina de anestesia","MINDRAY","A8"," FX6-3B000068
","PABELLONES-QUIRURGICOS","[""OK"",""OK"",""OK"",""OK"",""OK"",""OK"",""OK"",""OK"",""OK"",""OK"",""OK""]","Ok","1773426178497425"
"109","2026-03-04 09:53:36","Patricio","Lavadora de chatas","Tuttnauer","REVO PRO","L22300113","UPC","[""OK"",""OK"",""OK"",""OK"",""OK"",""OK"",""OK"",""OK"",""OK"",""OK"",""OK"",""OK""]","Se revisando sensores de nivel de agua y se deja equipo operativo ","1772628815971256"
"110","2026-03-04 09:53:36","Patricio","Lavadora de chatas","Tuttnauer","REVO PRO","L22300113","UPC","[""OK"",""OK"",""OK"",""OK"",""OK"",""OK"",""OK"",""OK"",""OK"",""OK"",""OK"",""OK""]","Se revisando sensores de nivel de agua y se deja equipo operativo ","1772628815971256"
"111","2026-03-06 15:14:51","Patricio","Maquina de anestesia","MINDRAY","A8","FX6-3B000066
","PABELLONES-QUIRURGICOS","[""OK"",""OK"",""OK"",""OK"",""OK"",""OK"",""OK"",""OK"",""OK"",""OK"",""NA""]","Operativo ","1772820891426412"
"112","2026-03-04 09:53:36","Patricio","Lavadora de chatas","Tuttnauer","REVO PRO","L22300113","UPC","[""OK"",""OK"",""OK"",""OK"",""OK"",""OK"",""OK"",""OK"",""OK"",""OK"",""OK"",""OK""]","Se revisando sensores de nivel de agua y se deja equipo operativo ","1772628815971256"
"113","2026-03-06 15:14:51","Patricio","Maquina de anestesia","MINDRAY","A8","FX6-3B000066
","PABELLONES-QUIRURGICOS","[""OK"",""OK"",""OK"",""OK"",""OK"",""OK"",""OK"",""OK"",""OK"",""OK"",""NA""]","Operativo ","1772820891426412"
"114","2026-03-20 15:27:30","Jorge","Monitor Desfibrilador con carro de transporte","NIHON KOHDEN","TEC-5631","6755","PABELLONES-QUIRURGICOS","[""OK"",""OK"",""OK"",""OK"",""OK"",""OK"",""OK"",""OK"",""OK"",""OK"",""OK"",""OK"",""OK"",""OK"",""OK"",""OK"",""OK""]","Ok","1774031249756338"
"115","2026-03-20 15:29:59","Jorge","Monitor Desfibrilador con carro de transporte","NIHON KOHDEN","TEC-5631","6764","PABELLONES-QUIRURGICOS","[""OK"",""OK"",""OK"",""OK"",""OK"",""OK"",""OK"",""OK"",""OK"",""OK"",""OK"",""OK"",""OK"",""NO"",""NO"",""OK"",""OK""]","Sin cable de poder y sin revisión. ","1774031398700989"
"116","2026-03-24 11:11:26","Patricio","Videolaringoscopio","","","S/N","DIALISIS","[""OK"",""OK"",""OK"",""OK"",""OK"",""OK"",""OK"",""OK"",""OK"",""OK"",""OK"",""OK"",""OK"",""OK"",""OK"",""OK"",""OK"",""OK"",""OK"",""OK""]","","1774361486207217"
"117","2026-03-27 14:41:24","Jorge","Monitor Desfibrilador con carro de transporte","NIHON KOHDEN","TEC-5631","6764","PABELLONES-QUIRURGICOS","[""OK"",""OK"",""OK"",""OK"",""OK"",""OK"",""OK"",""OK"",""OK"",""OK"",""OK"",""OK"",""OK"",""OK"",""OK"",""OK"",""OK""]","Ok","1774633284051609"
"118","2026-03-27 14:43:49","Jorge","Carro de paro completo ADULTO","MALVESTIO / NIHON KOHDEN","329501 / TEC-5631","6765","PABELLONES-QUIRURGICOS","[""OK"",""OK"",""OK"",""OK"",""OK"",""OK"",""OK"",""OK"",""OK"",""OK"",""OK"",""OK"",""OK"",""OK"",""OK"",""OK"",""OK""]","Ok","1774633429073950"
"119","2026-03-20 15:20:31","Martin","Maquina de anestesia","MINDRAY","A8"," FX6-3B000065
","PABELLONES-QUIRURGICOS","[""OK"",""OK"",""OK"",""OK"",""OK"",""OK"",""OK"",""OK"",""OK"",""OK"",""OK""]","","1774030830375455"
"120","2026-04-10 15:59:46","Martin","Maquina de anestesia","Dräger","Perseus A500","ASLL-0009","PABELLONES-QUIRURGICOS","[""OK"",""OK"",""OK"",""OK"",""OK"",""OK"",""OK"",""OK"",""OK"",""OK"",""OK""]","","1775851185366633"
"121","2026-04-24 15:43:46","Jorge","Maquina de anestesia","MINDRAY","A8","FX6-3B000066
","PABELLONES-QUIRURGICOS","[""OK"",""OK"",""OK"",""OK"",""OK"",""OK"",""OK"",""OK"",""OK"",""OK"",""OK""]","Ok","1777059825807856"
"122","2026-04-24 15:35:10","Jorge","Maquina de anestesia","Dräger","Perseus A500","ASLL-0009","PABELLONES-QUIRURGICOS","[""OK"",""OK"",""OK"",""OK"",""OK"",""OK"",""OK"",""OK"",""OK"",""OK"",""OK""]","Ok","1777059309523477"
"123","2026-04-24 15:40:28","Jorge","Maquina de anestesia","MINDRAY","A8"," FX6-3B000067
","PABELLONES-QUIRURGICOS","[""OK"",""OK"",""OK"",""OK"",""OK"",""OK"",""OK"",""OK"",""OK"",""OK"",""OK""]","Ok","1777059627792180"
"124","2026-04-24 15:42:26","Jorge","Maquina de anestesia","MINDRAY","A8"," FX6-3B000068
","PABELLONES-QUIRURGICOS","[""OK"",""OK"",""OK"",""OK"",""OK"",""OK"",""OK"",""OK"",""OK"",""OK"",""OK""]","Ok","1777059745431294"
"125","2026-05-08 14:58:37","Jorge","Maquina de anestesia","MINDRAY","A8"," FX6-3B000068
","PABELLONES-QUIRURGICOS","[""OK"",""OK"",""OK"",""OK"",""OK"",""OK"",""OK"",""OK"",""OK"",""OK"",""OK""]","Ok","1778266716718690"
"126","2026-05-08 14:59:49","Jorge","Maquina de anestesia","MINDRAY","A8","FX6-3B000066
","PABELLONES-QUIRURGICOS","[""OK"",""OK"",""OK"",""OK"",""OK"",""OK"",""OK"",""OK"",""OK"",""OK"",""OK""]","Ok","177826678890568"
"127","2026-05-08 15:00:43","Jorge","Maquina de anestesia","MINDRAY","A8"," FX6-3B000065
","PABELLONES-QUIRURGICOS","[""OK"",""OK"",""OK"",""OK"",""OK"",""OK"",""OK"",""OK"",""OK"",""OK"",""OK""]","Ok","1778266843290941"
"128","2026-05-08 15:08:39","Jorge","Maquina de anestesia","Dräger","Perseus A500","ASLL-0008","PABELLONES-QUIRURGICOS","[""OK"",""OK"",""OK"",""OK"",""OK"",""OK"",""OK"",""OK"",""OK"",""OK"",""OK""]","Ok","1778267318444172"
"129","2026-03-27 14:38:02","Patricio","Maquina de anestesia","MINDRAY","A8"," FX6-3B000067
","PABELLONES-QUIRURGICOS","[""OK"",""OK"",""OK"",""OK"",""OK"",""OK"",""OK"",""OK"",""OK"",""OK"",""OK""]","","1774633081888817"
"130","2026-03-27 14:41:40","Patricio","Maquina de anestesia","MINDRAY","A8"," FX6-3B000068
","PABELLONES-QUIRURGICOS","[""OK"",""OK"",""OK"",""OK"",""OK"",""OK"",""OK"",""OK"",""OK"",""OK"",""OK""]","","1774633299839419"
"131","2026-05-20 15:38:20","Patricio","Ventilador mecanico","Bio-Med Devices","TV-100","TX1801055","BODEGA-EEMM","[""NA"",""NA"",""OK"",""OK"",""OK"",""OK"",""OK"",""OK"",""NA"",""NA"",""NO""]","Equipo operativo con observaciones, se recomienda realizar limpieza de ventiladores internos y cambio de filtros protectores del ventilador","1779305899683554"
"132","2026-04-17 15:11:23","Martin","Maquina de anestesia","Dräger","Perseus A500","ASLL-0007","PABELLONES-QUIRURGICOS","[""OK"",""OK"",""OK"",""OK"",""OK"",""OK"",""OK"",""OK"",""OK"",""OK"",""OK""]","Chequeo de sistema y fugas ok","1776453082094116"
"133","2026-04-17 15:16:01","Martin","Maquina de anestesia","MINDRAY","A8","FX6-3B000066
","PABELLONES-QUIRURGICOS","[""OK"",""OK"",""OK"",""OK"",""OK"",""OK"",""OK"",""OK"",""OK"",""OK"",""OK""]","","1776453359952362"
"134","2026-05-20 16:12:02","Martin","Maquina de anestesia","Dräger","Perseus A500","ASLL-0008","PABELLONES-QUIRURGICOS","[""OK"",""OK"",""OK"",""OK"",""OK"",""OK"",""OK"",""OK"",""OK"",""OK"",""OK""]","Todo ok","1779307921570782"
"135","2026-05-20 16:15:12","Martin","Maquina de anestesia","Dräger","Perseus A500","ASLL-0007","PABELLONES-QUIRURGICOS","[""OK"",""OK"",""OK"",""OK"",""OK"",""OK"",""OK"",""OK"",""OK"",""OK"",""OK""]","","1779308110790643"
"136","2026-05-22 10:44:28","Patricio","Carro de paro completo ADULTO","MALVESTIO / NIHON KOHDEN","329501 / TEC-5631","6723","URGENCIA","[""OK"",""OK"",""OK"",""OK"",""OK"",""OK"",""OK"",""OK"",""OK"",""OK"",""OK"",""OK"",""OK"",""OK"",""OK"",""OK"",""OK""]","Se realiza limpieza en sector se palas por mal contacto a causa de gel ","1779461067791477"
"137","2026-05-22 15:20:36","Jorge","Maquina de anestesia","MINDRAY","A8"," FX6-3B000067
","PABELLONES-QUIRURGICOS","[""OK"",""OK"",""OK"",""OK"",""OK"",""OK"",""OK"",""OK"",""OK"",""OK"",""OK""]","Ok","1779477635520742"
"138","2026-05-22 15:28:58","Jorge","Maquina de anestesia","Dräger","Perseus A500","ASLL-0008","PABELLONES-QUIRURGICOS","[""OK"",""OK"",""OK"",""OK"",""OK"",""OK"",""OK"",""OK"",""OK"",""OK"",""OK""]","Ok","1779478137496402"
"139","2026-05-29 14:28:25","Patricio","Maquina de anestesia","MINDRAY","A8","FX6-3B000066
","PABELLONES-QUIRURGICOS","[""OK"",""OK"",""OK"",""OK"",""OK"",""OK"",""OK"",""OK"",""OK"",""OK"",""OK""]","","1780079304913165"
"140","2026-05-29 14:34:26","Patricio","Maquina de anestesia","MINDRAY","A8"," FX6-3B000068
","PABELLONES-QUIRURGICOS","[""OK"",""OK"",""OK"",""OK"",""OK"",""OK"",""OK"",""OK"",""OK"",""OK"",""OK""]","","1780079666071985"
"141","2026-05-29 14:36:25","Patricio","Monitor Desfibrilador con carro de transporte","NIHON KOHDEN","TEC-5631","6752","PABELLONES-QUIRURGICOS","[""OK"",""OK"",""OK"",""OK"",""OK"",""OK"",""OK"",""OK"",""OK"",""OK"",""OK"",""OK"",""OK"",""OK"",""OK"",""OK"",""OK""]","","1780079784235651"
"142","2026-05-29 14:37:54","Patricio","Monitor Desfibrilador con carro de transporte","NIHON KOHDEN","TEC-5631","6764","PABELLONES-QUIRURGICOS","[""OK"",""OK"",""OK"",""OK"",""OK"",""OK"",""OK"",""OK"",""OK"",""OK"",""OK"",""OK"",""OK"",""OK"",""OK"",""OK"",""OK""]","","1780079873486218"
"143","2026-06-03 10:24:09","Patricio","Monitor Cardiofetal","Edan","F9","560053-M22512280007","ATENCION-OBSTETRICA","[""OK"",""OK"",""OK"",""NA"",""NA"",""OK"",""OK"",""OK"",""OK"",""NA"",""OK"",""OK"",""OK"",""NA"",""NA"",""NA"",""OK"",""NA"",""NA"",""NA""]","Se cambia transductor ultrasonido por desgaste","1780496649086384"
"144","2026-06-05 14:21:29","Jorge","Maquina de anestesia","MINDRAY","A8"," FX6-3B000065
","PABELLONES-QUIRURGICOS","[""OK"",""OK"",""OK"",""OK"",""OK"",""OK"",""OK"",""OK"",""OK"",""OK"",""OK""]","Ok","1780683688260562"
"145","2026-06-05 14:23:51","Jorge","Maquina de anestesia","MINDRAY","A8"," FX6-3B000068
","PABELLONES-QUIRURGICOS","[""OK"",""OK"",""OK"",""OK"",""OK"",""OK"",""OK"",""OK"",""OK"",""OK"",""OK""]","Ok","1780683829896751"
"146","2026-06-19 14:14:11","Patricio","Maquina de anestesia","MINDRAY","A8","FX6-3B000066
","PABELLONES-QUIRURGICOS","[""OK"",""OK"",""OK"",""OK"",""OK"",""OK"",""OK"",""OK"",""OK"",""OK"",""OK""]","","1781892850968692"
"147","2026-06-19 14:14:35","Patricio","Maquina de anestesia","MINDRAY","A8"," FX6-3B000065
","PABELLONES-QUIRURGICOS","[""OK"",""OK"",""OK"",""OK"",""OK"",""OK"",""OK"",""OK"",""OK"",""OK"",""OK""]","","1781892875234601"
"148","2026-06-19 14:14:53","Patricio","Maquina de anestesia","MINDRAY","A8"," FX6-3B000068
","ATENCION-OBSTETRICA","[""OK"",""OK"",""OK"",""OK"",""OK"",""OK"",""OK"",""OK"",""OK"",""OK"",""OK""]","","1781892893145183"
"149","2026-06-19 14:16:08","Patricio","Maquina de anestesia","Dräger","Perseus A500","ASLL-0009","ATENCION-OBSTETRICA","[""OK"",""OK"",""OK"",""OK"",""OK"",""OK"",""OK"",""OK"",""OK"",""OK"",""OK""]","","1781892967689440"
"150","2026-06-19 14:16:28","Patricio","Maquina de anestesia","Dräger","Perseus A500","ASLL-0007","ATENCION-OBSTETRICA","[""OK"",""OK"",""OK"",""OK"",""OK"",""OK"",""OK"",""OK"",""OK"",""OK"",""OK""]","","1781892987941544"
"151","2026-07-10 15:10:08","Jorge","Maquina de anestesia","MINDRAY","A8"," FX6-3B000065
","PABELLONES-QUIRURGICOS","[""OK"",""OK"",""OK"",""OK"",""OK"",""OK"",""OK"",""OK"",""OK"",""OK"",""OK""]","Ok","1783710607377628"
"152","2026-07-10 15:14:14","Jorge","Maquina de anestesia","Dräger","Perseus A500","ASLL-0007","PABELLONES-QUIRURGICOS","[""OK"",""OK"",""OK"",""OK"",""OK"",""OK"",""OK"",""OK"",""OK"",""OK"",""OK""]","Ok","1783710853674412"
"153","2026-07-17 14:34:08","Patricio","Maquina de anestesia","MINDRAY","A8"," FX6-3B000068
","ATENCION-OBSTETRICA","[""OK"",""OK"",""OK"",""OK"",""OK"",""OK"",""OK"",""OK"",""OK"",""OK"",""OK""]","Operativo ","1784313248107218"
"154","2026-07-17 14:34:34","Patricio","Maquina de anestesia","MINDRAY","A8"," FX6-3B000068
","PABELLONES-QUIRURGICOS","[""OK"",""OK"",""OK"",""OK"",""OK"",""OK"",""OK"",""OK"",""OK"",""OK"",""OK""]","Operativo ","1784313274223137"
"155","2026-07-17 14:35:18","Patricio","Maquina de anestesia","Dräger","Perseus A500","ASLL-0007","PABELLONES-QUIRURGICOS","[""OK"",""OK"",""OK"",""OK"",""OK"",""OK"",""OK"",""OK"",""OK"",""OK"",""OK""]","Operativo ","1784313317712378"
"156","2026-07-17 14:35:49","Patricio","Monitor Desfibrilador con carro de transporte","NIHON KOHDEN","TEC-5631","6752","PABELLONES-QUIRURGICOS","[""OK"",""OK"",""OK"",""OK"",""OK"",""OK"",""OK"",""OK"",""OK"",""OK"",""OK"",""OK"",""OK"",""OK"",""OK"",""OK"",""OK""]","","1784313349193916"
"157","2026-07-17 14:36:18","Patricio","Monitor Desfibrilador con carro de transporte","NIHON KOHDEN","TEC-5631","6755","PABELLONES-QUIRURGICOS","[""OK"",""OK"",""OK"",""OK"",""OK"",""OK"",""OK"",""OK"",""OK"",""OK"",""OK"",""OK"",""OK"",""OK"",""OK"",""OK"",""OK""]","","1784313378355907"
"158","2026-07-17 14:36:34","Patricio","Maquina de anestesia","MINDRAY","A8","FX6-3B000066
","ATENCION-OBSTETRICA","[""OK"",""OK"",""OK"",""OK"",""OK"",""OK"",""OK"",""OK"",""OK"",""OK"",""OK""]","","1784313394228875"
"159","2026-07-17 14:36:52","Patricio","Maquina de anestesia","MINDRAY","A8","FX6-3B000066
","PABELLONES-QUIRURGICOS","[""OK"",""OK"",""OK"",""OK"",""OK"",""OK"",""OK"",""OK"",""OK"",""OK"",""OK""]","","1784313412389952"
"160","2026-07-24 14:21:46","Jorge","Maquina de anestesia","MINDRAY","A8"," FX6-3B000065
","PABELLONES-QUIRURGICOS","[""OK"",""OK"",""OK"",""OK"",""OK"",""OK"",""OK"",""OK"",""OK"",""OK"",""OK""]","Ok","1784917306103179"
"161","2026-07-24 14:29:54","Jorge","Maquina de anestesia","Dräger","Perseus A500","ASLL-0008","PABELLONES-QUIRURGICOS","[""OK"",""OK"",""OK"",""OK"",""OK"",""OK"",""OK"",""OK"",""OK"",""OK"",""OK""]","Ok","1784917793016404"
"162","2026-07-31 15:47:39","Martin","Maquina de anestesia","MINDRAY","A8"," FX6-3B000065
","PABELLONES-QUIRURGICOS","[""OK"",""OK"",""OK"",""OK"",""OK"",""OK"",""OK"",""OK"",""OK"",""OK"",""OK""]","Ok","1785527258383745"
"163","2026-07-31 15:49:07","Martin","Maquina de anestesia","MINDRAY","A8","FX6-3B000066
","PABELLONES-QUIRURGICOS","[""OK"",""OK"",""OK"",""OK"",""OK"",""OK"",""OK"",""OK"",""OK"",""OK"",""OK""]","Ok","1785527347041232"
"164","2026-07-31 15:49:49","Martin","Maquina de anestesia","MINDRAY","A8"," FX6-3B000065
","PABELLONES-QUIRURGICOS","[""OK"",""OK"",""OK"",""OK"",""OK"",""OK"",""OK"",""OK"",""OK"",""OK"",""OK""]","Ok","1785527388776201"
"165","2026-07-31 15:50:35","Martin","Maquina de anestesia","Dräger","Perseus A500","ASLL-0008","PABELLONES-QUIRURGICOS","[""OK"",""OK"",""OK"",""OK"",""OK"",""OK"",""OK"",""OK"",""OK"",""OK"",""OK""]","Ok","1785527434225141"
"166","2026-08-07 14:53:50","Jorge","Maquina de anestesia","MINDRAY","A8","FX6-3B000066
","PABELLONES-QUIRURGICOS","[""OK"",""OK"",""OK"",""OK"",""OK"",""OK"",""OK"",""OK"",""OK"",""OK"",""OK""]","Ok","1786128829700604"
"167","2026-08-07 14:57:08","Jorge","Carro de paro completo ADULTO","MALVESTIO / NIHON KOHDEN","329501 / TEC-5631","6765","PABELLONES-QUIRURGICOS","[""OK"",""OK"",""OK"",""OK"",""OK"",""OK"",""OK"",""OK"",""OK"",""OK"",""OK"",""OK"",""OK"",""OK"",""OK"",""OK"",""OK""]","Ok","1786129027549702"
"168","2026-08-07 15:00:05","Jorge","Carro de paro completo ADULTO","MALVESTIO / NIHON KOHDEN","329501 / TEC-5631","6762","ATENCION-OBSTETRICA","[""OK"",""OK"",""OK"",""OK"",""OK"",""OK"",""OK"",""OK"",""OK"",""OK"",""OK"",""OK"",""OK"",""OK"",""OK"",""OK"",""OK""]","Falta papel ","1786129204212913"
"169","2026-08-07 15:01:45","Jorge","Monitor Desfibrilador con carro de transporte","NIHON KOHDEN","TEC-5631","6764","PABELLONES-QUIRURGICOS","[""OK"",""OK"",""OK"",""OK"",""OK"",""OK"",""OK"",""OK"",""OK"",""OK"",""OK"",""OK"",""OK"",""OK"",""OK"",""OK"",""OK""]","Ok","1786129304256910"
"170","2026-08-14 15:11:28","Martin","Maquina de anestesia","MINDRAY","A8"," FX6-3B000065
","PABELLONES-QUIRURGICOS","[""OK"",""OK"",""OK"",""OK"",""OK"",""OK"",""OK"",""OK"",""OK"",""OK"",""OK""]","Ok","1786734687737385"
"171","2026-08-14 15:12:41","Martin","Maquina de anestesia","MINDRAY","A8","FX6-3B000066
","PABELLONES-QUIRURGICOS","[""OK"",""OK"",""OK"",""OK"",""OK"",""OK"",""OK"",""OK"",""OK"",""OK"",""OK""]","Ok","1786734760429560"
"172","2026-08-14 15:14:45","Martin","Maquina de anestesia","MINDRAY","A8"," FX6-3B000067
","PABELLONES-QUIRURGICOS","[""OK"",""OK"",""OK"",""OK"",""OK"",""OK"",""OK"",""OK"",""OK"",""OK"",""OK""]","Ok","1786734885055208"
"173","2026-08-21 15:07:14","Jorge","Maquina de anestesia","Dräger","Perseus A500","ASLL-0009","PABELLONES-QUIRURGICOS","[""OK"",""OK"",""OK"",""OK"",""OK"",""OK"",""OK"",""OK"",""OK"",""OK"",""OK""]","Ok","1787339233044399"
"174","2026-08-21 15:07:48","Jorge","Maquina de anestesia","Dräger","Perseus A500","ASLL-0008","PABELLONES-QUIRURGICOS","[""OK"",""OK"",""OK"",""OK"",""OK"",""OK"",""OK"",""OK"",""OK"",""OK"",""OK""]","Ok","178733926754213"
"175","2026-08-21 15:09:15","Jorge","Maquina de anestesia","MINDRAY","A8","FX6-3B000066
","PABELLONES-QUIRURGICOS","[""OK"",""OK"",""OK"",""OK"",""OK"",""OK"",""OK"",""OK"",""OK"",""OK"",""OK""]","Ok","1787339354323572"
"176","2026-08-21 15:09:39","Jorge","Maquina de anestesia","MINDRAY","A8"," FX6-3B000068
","PABELLONES-QUIRURGICOS","[""OK"",""OK"",""OK"",""OK"",""OK"",""OK"",""OK"",""OK"",""OK"",""OK"",""OK""]","Ok","1787339379211759"
"177","2026-09-07 15:56:51","Martin","Maquina de anestesia","Dräger","Perseus A500","ASLL-0008","PABELLONES-QUIRURGICOS","[""OK"",""OK"",""OK"",""OK"",""OK"",""OK"",""OK"",""OK"",""OK"",""OK"",""OK""]","",""
"178","2026-09-07 15:58:18","Martin","Maquina de anestesia","MINDRAY","A8"," FX6-3B000067
","PABELLONES-QUIRURGICOS","[""OK"",""OK"",""OK"",""OK"",""OK"",""OK"",""OK"",""OK"",""OK"",""OK"",""OK""]","",""
"179","2026-09-07 15:59:09","Martin","Maquina de anestesia","MINDRAY","A8"," FX6-3B000065
","PABELLONES-QUIRURGICOS","[""OK"",""OK"",""OK"",""OK"",""OK"",""OK"",""OK"",""OK"",""OK"",""OK"",""OK""]","",""
"180","2026-09-11 14:33:20","Jorge","Maquina de anestesia","Dräger","Perseus A500","ASLL-0009","PABELLONES-QUIRURGICOS","[""OK"",""OK"",""OK"",""OK"",""OK"",""OK"",""OK"",""OK"",""OK"",""OK"",""OK""]","Ok","1789147999575428"
"181","2026-09-11 14:35:28","Jorge","Maquina de anestesia","MINDRAY","A8","FX6-3B000066
","PABELLONES-QUIRURGICOS","[""OK"",""OK"",""OK"",""OK"",""OK"",""OK"",""OK"",""OK"",""OK"",""OK"",""OK""]","Ok","1789148127353969"
"182","2026-09-11 14:37:53","Jorge","Monitor Desfibrilador con carro de transporte","NIHON KOHDEN","TEC-5631","6764","PABELLONES-QUIRURGICOS","[""OK"",""OK"",""OK"",""OK"",""OK"",""OK"",""OK"",""OK"",""OK"",""OK"",""OK"",""OK"",""OK"",""OK"",""OK"",""OK"",""OK""]","Ok","1789148272423420"
"183","2026-09-11 14:39:53","Jorge","Monitor Desfibrilador con carro de transporte","NIHON KOHDEN","TEC-5631","6755","PABELLONES-QUIRURGICOS","[""OK"",""OK"",""OK"",""OK"",""OK"",""OK"",""OK"",""OK"",""OK"",""OK"",""OK"",""OK"",""OK"",""OK"",""OK"",""OK"",""OK""]","Ok fecha por un día de retraso revisar configuración ","1789148393130460"
"184","2026-09-11 14:42:27","Jorge","Monitor Desfibrilador con carro de transporte","NIHON KOHDEN","TEC-5631","6752","PABELLONES-QUIRURGICOS","[""OK"",""OK"",""OK"",""OK"",""OK"",""OK"",""OK"",""OK"",""OK"",""OK"",""OK"",""OK"",""OK"",""OK"",""OK"",""OK"",""OK""]","Ok falta papel impresora, fecha un día de atraso ","1789148546671377"
